Economy,Year,Ease of doing business score (DB17-20 methodology),Rank-Starting a business,Score-Starting a business,Starting a Business - Procedures - Men (number),Starting a Business - Time - Men (days),Starting a Business - Cost - Men (% of income per capita),Starting a Business - Procedures - Women (number),Starting a Business - Time - Women (days),Starting a Business - Cost - Women (% of income per capita),Starting a Business - Paid-in Minimum capital (% of income per capita),Rank-Dealing with construction permits,Score-Dealing with construction permits (DB16-20 methodology),Score-Dealing with construction permits (DB06-15 methodology),Dealing with Construction Permits - Procedures (number),Dealing with Construction Permits - Time (days),Dealing with Construction Permits - Cost (% of Warehouse value),Dealing with Construction Permits - Building quality control index (0-15) (DB16-20 methodology),Dealing with Construction Permits - Quality of building regulations index (0-2) (DB16-20 methodology),Dealing with Construction Permits - Quality control before construction index (0-1) (DB16-20 methodology),Dealing with Construction Permits - Quality control during construction index (0-3) (DB16-20 methodology),Dealing with Construction Permits - Quality control after construction index (0-3) (DB16-20 methodology),Dealing with Construction Permits - Liability and insurance regimes index (0-2) (DB16-20 methodology),Dealing with Construction Permits - Professional certifications index (0-4) (DB16-20 methodology),Rank-Getting electricity,Score-Getting electricity (DB16-20 methodology),Score-Getting electricity (DB10-15 methodology),Getting Electricity - Procedures (number),Getting Electricity - Time (days),Getting Electricity - Cost (% of income per capita),Getting Electricity - Reliability of supply and transparency of tariff index (0-8) (DB16-20 methodology),Getting Electricity - Total duration and frequency of outages per customer a year (0-3) (DB16-20 methodology),Getting Electricity - Mechanisms for monitoring outages (0-1) (DB16-20 methodology),Getting Electricity - Mechanisms for restoring service (0-1) (DB16-20 methodology),Getting Electricity - Regulatory monitoring (0-1) (DB16-20 methodology),Getting Electricity - Financial deterrents aimed at limiting outages (0-1) (DB16-20 methodology),Getting Electricity - Communication of tariffs and tariff changes (0-1) (DB16-20 methodology),Getting Electricity - System average interruption duration index (SAIDI) (DB16-20 methodology),Getting Electricity - System average interruption frequency index (SAIFI) (DB16-20 methodology),Getting Electricity - Minimum outage time (in minutes)  (DB16-20 methodology),Getting Electricity - Price of electricity (US cents per kWh) (DB16-20 methodology),Rank-Registering property,Score-Registering property (DB17-20 methodology),Score-Registering property (DB05-15 methodology),Registering Property - Procedures (number),Registering Property - Time (days),Registering Property - Cost (% of property value),Registering Property - Quality of land administration index (0-30) (DB17-20 methodology),Registering Property - Reliability of infrastructure index (0-8) (DB17-20 methodology),Registering Property - Transparency of information index (0-6) (DB17-20 methodology),Registering Property - Geographic coverage index (0-8) (DB17-20 methodology),Registering Property - Land dispute resolution index (0-8) (DB17-20 methodology),Registering Property - Equal access to property rights index (-2-0) (DB17-20 methodology),Rank-Getting credit,Score-Getting credit (DB15-20 methodology),Score-Getting credit (DB05-14 methodology),Getting Credit - Strength of legal rights index (0-10) (DB05-14 methodology),Getting Credit - Depth of credit information index (0-6) (DB05-14 methodology),Getting Credit - Getting Credit total score (DB05-14 methodology),Getting Credit - Strength of legal rights index (0-12) (DB15-20 methodology) ,Getting Credit - Depth of credit information index (0-8) (DB15-20 methodology) ,Getting Credit - Getting Credit total score (DB15-20 methodology) ,Getting Credit - Credit registry coverage (% of adults),Getting Credit - Credit bureau coverage (% of adults),Rank-Protecting minority investors,Score-Protecting minority investors (DB15-20 methodology),Score-Protecting minority investors (DB06-14 methodology),Protecting Minority Investors - Extent of disclosure index (0-10),Protecting Minority Investors - Extent of director liability index (0-10),Protecting Minority Investors - Ease of shareholder suits index (0-10) (DB06-14 methodology),Protecting Minority Investors - Strength of investor protection index (0-30) (DB06-14 methodology),Protecting Minority Investors - Ease of shareholder suits index (0-10) (DB15-20 methodology) ,Protecting Minority Investors - Extent of shareholder rights index (0-6) (DB15-20 methodology) ,Protecting Minority Investors - Extent of ownership and control index (0-7) (DB15-20 methodology) ,Protecting Minority Investors - Extent of corporate transparency index (0-7) (DB15-20 methodology) ,Protecting Minority Investors - Strength of minority investor protection index (0-50) (DB15-20 methodology) ,Rank-Paying taxes,Score-Paying taxes (DB17-20 methodology),Score-Paying taxes (DB06-16 methodology),Paying Taxes - Payments (number per year),Paying Taxes - Time (hours per year),Paying Taxes - Total tax and contribution rate (% of profit),Paying Taxes - Profit tax (% of profit),Paying Taxes - Labor tax and contributions (% of profit),Paying Taxes - Other taxes (% of profit),Paying Taxes - Time to comply with VAT refund (hours) (DB17-20 methodology),Paying Taxes - Time to obtain VAT refund (weeks) (DB17-20 methodology),Paying Taxes - Time to comply with a corporate income tax correction (hours) (DB17-20 methodology),Paying Taxes - Time to complete a corporate income tax correction (weeks) (DB17-20 methodology),Paying Taxes - Score-Postfiling index (0-100) (DB17-20 methodology),Rank-Trading across borders,Score-Trading across borders (DB16-20 methodology),Score-Trading across borders (DB06-15 methodology),Trading across Borders - Time to export: Documentary compliance (hours) (DB16-20 methodology),Trading across Borders - Time to import: Documentary compliance (hours) (DB16-20 methodology),Trading across Borders - Time to export: Border compliance (hours) (DB16-20 methodology),Trading across Borders - Time to import: Border compliance (hours) (DB16-20 methodology),Trading across Borders - Cost to export: Documentary compliance (USD) (DB16-20 methodology),Trading across Borders - Cost to import: Documentary compliance (USD) (DB16-20 methodology),Trading across Borders - Cost to export: Border compliance (USD) (DB16-20 methodology),Trading across Borders - Cost to import: Border compliance (USD) (DB16-20 methodology),Trading across Borders - Documents to export (number) (DB06-15 methodology),Trading across Borders - Documents to import (number) (DB06-15 methodology),Trading across Borders - Cost to export (US$ per container deflated) (DB06-15 methodology),Trading across Borders - Cost to import (US$ per container deflated) (DB06-15 methodology),Trading across Borders - Time to export (days) (DB06-15 methodology),Trading across Borders - Time to import (days) (DB06-15 methodology),Rank-Enforcing contracts,Score-Enforcing contracts (DB17-20 methodology),Score-Enforcing contracts (DB04-15 methodology),Enforcing Contracts - Procedures (number) (DB04-15 methodology),Enforcing Contracts - Time (days),Enforcing Contracts - Filing and service (days),Enforcing Contracts - Trial and judgment (days),Enforcing Contracts - Enforcement of judgment (days),Enforcing Contracts - Cost (% of claim),Enforcing Contracts - Attorney fees (% of claim),Enforcing Contracts - Court fees (% of claim),Enforcing Contracts - Enforcement fees (% of claim),Enforcing Contracts - Quality of judicial processes index (0-18) (DB17-20 methodology),Enforcing Contracts - Court structure and proceedings (0-5) (DB17-20 methodology),Enforcing Contracts - Case management (0-6) (DB17-20 methodology),Enforcing Contracts - Court automation (0-4) (DB17-20 methodology),Enforcing Contracts - Alternative dispute resolution (0-3) (DB17-20 methodology),Rank-Resolving insolvency,Score-Resolving insolvency,Resolving Insolvency - Outcome (0 as piecemeal sale and 1 as going concern),Resolving Insolvency - Time (years),Resolving Insolvency - Cost (% of estate),Resolving Insolvency - Recovery rate (cents on the dollar),Resolving Insolvency - Strength of insolvency framework index (0-16),Resolving Insolvency - Commencement of proceedings index (0-3) (DB15-20 methodology),Resolving Insolvency - Management of debtor's assets index (0-6) (DB15-20 methodology),Resolving Insolvency - Reorganization proceedings index (0-3) (DB15-20 methodology),Resolving Insolvency - Creditor participation index (0-4) (DB15-20 methodology)
Afghanistan,DB2019,44.2,,92,4,8,6.4,5,9,6.4,0,,34.5,,13,199,73,3,1,1,0,0,1,0,,44.5,,6,114,2448.3,0,0,1,0,0,0,0,..,..,N/A,17.6,,27.5,,9,250,5,3,0,0,0,3,0,,50,,,,,10,0,10,1.3,0,,36,,8,1,,,9,0,0,0,18,,43.3,,19,270,71.4,0,0,71.4,No VAT,No VAT,111,29,4.5,,30.6,,228,324,48,96,344,900,453,750,,,,,,,,31.8,,,1642,40,1420,182,29,24,5,0,5,2,1,0,2,,51.8,0,2,25,26.5,12,2,6,2,2
Albania,DB2019,67,,91.7,5,4.5,11.3,5,4.5,11.3,0,,52.6,,19,324,6.8,13,2,1,2,3,2,3,,64.6,,6,71,504.7,3,0,0,0,1,1,1,77.3,48.6,5,8.7,,62.9,,5,19,9.2,16.5,6,2.5,0,8,0,,70,,,,,8,6,14,57.4,0,,46,,9,7,,,7,0,0,0,23,,64.9,,35,252,37.3,14,18.8,4.4,9,37,18,15,60.1,,96.3,,6,8,9,10,10,10,55,77,,,,,,,,53.5,,,525,45,300,180,42.7,25,5.7,12,7.5,3.5,1.5,1,1.5,,67.4,0,2,10,44,14,3,6,3,2
Algeria,DB2019,48.5,,77.9,12,18,11.8,12,18,11.8,0,,64.6,,19,131,7.1,12,2,1,2,3,2,2,,71.9,,5,84,1048.4,5,1,1,1,1,0,1,4.2,8.2,3,2.2,,44.3,,10,55,7.1,7.5,1,1.5,0,5,0,,10,,,,,2,0,2,3.2,0,,20,,4,1,,,5,0,0,0,10,,53.9,,27,265,66.1,8.1,31.1,26.9,No VAT refund per case study scenario,No VAT refund per case study scenario,2,0,49.8,,38.4,,149,96,80,210,374,400,593,409,,,,,,,,54.8,,,630,21,390,219,21.8,10,7.4,4.4,5.5,3,0,0,2.5,,49.2,0,1.3,7,50.8,7,3,2,1,1
Angola,DB2019,41.2,,79,8,36,13.9,8,36,13.9,0,,65,,12,184,1.3,6,1,1,0,2,1,1,,54.1,,7,121,786.5,3,1,0,0,1,1,0,0.9,5.5,3,4.6,,43.1,,6,190,2.8,7,1,2,0,4,0,,5,,,,,1,0,1,1.6,0,,32,,4,6,,,6,0,0,0,16,,69.5,,31,287,49.1,21.5,9,18.6,No VAT,No VAT,7,0,95,,36.2,,96,96,164,72,240,460,825,1030,,,,,,,,28.1,,,1296,86,770,440,44.4,22.2,22.2,0,5.5,1.5,1.5,0,2.5,,0,0,No Practice,No Practice,0,0,2,4,0,0
Antigua and Barbuda,DB2019,59.9,,81.7,9,22,8.7,9,22,8.7,0,,65.6,,19,144,1.5,9,2,0,1,2,0,4,,80.4,,4,42,109.9,4,1,1,1,0,0,1,6.5,10.5,1,43.7,,56.6,,7,32,10.8,19,6,1.5,4,7.5,0,,25,,,,,5,0,5,0,0,,58,,4,8,,,8,3,4,2,29,,59,,57,177,42.8,25.6,11.8,5.3,12,53,3,0,69.4,,68.7,,51,48,61,61,121,100,546,546,,,,,,,,68.1,,,476,21,365,90,27.1,17.5,7,2.6,11.5,4.5,3,1.5,2.5,,35.4,0,3,7,36.8,5,2,2,0,1
Argentina,DB2019,58.2,,82,11,11,5.3,11,11,5.3,0,,49.3,,21,365,2.9,11,2,1,2,3,1,2,,70,,6,92,21,5,0,1,1,1,1,1,3.7,13.9,3,15.5,,56.7,,7,51.5,6.6,13.5,5,2.5,2,4,0,,50,,,,,2,8,10,45.7,100,,62,,7,2,,,6,6,5,5,31,,49.3,,9,312,106,3.9,29.3,72.8,No VAT refund per case study scenario,No VAT refund per case study scenario,6,0,47.9,,65.6,,27,192,21,60,60,120,150,1200,,,,,,,,55.7,,,995,90,540,365,22.5,15,6.5,1,11.5,4.5,4,1,2,,41.2,0,2.4,16.5,21.5,9.5,2.5,4,2,1
Armenia,DB2019,73.2,,96.1,3,4,0.8,3,4,0.8,0,,68,,20,99,1.4,9,2,1,2,3,0,1,,90.8,,3,72,70.3,7,2,1,1,1,1,1,3.7,3.4,5,7.6,,88.6,,3,7,0.1,22.5,7,4.5,4,7,0,,70,,,,,6,8,14,0,80,,40,,6,6,,,8,0,0,0,20,,74,,15,264,18.5,17.6,0,0.8,No VAT refund per case study scenario,No VAT refund per case study scenario,4,0,49.1,,90.8,,2,2,39,3,100,100,100,0,,,,,,,,69.7,,,570,30,420,120,16,12,4,0,11.5,3.5,3,2,3,,44,0,1.9,11,38.2,7.5,2.5,2,2,1
Australia,DB2019,80.7,,96.5,3,2.5,0.7,3,2.5,0.7,0,,84.6,,11,121,0.7,14,2,1,3,3,1,4,,82.3,,5,75,12.5,7,2,1,1,1,1,1,1.2,0.6,1,23.1,,75.9,,4,3.5,5.3,19.5,7,3,4,5.5,0,,90,,,,,11,7,18,0,100,,64,,8,2,,,8,4,3,7,32,,85.6,,11,105,47.4,26,21.1,0.3,5,8,2,0,95.3,,70.3,,7,4,36,39,264,100,766,539,,,,,,,,79,,,402,14,328,60,23.2,18.5,4.5,0.2,15.5,4.5,5.5,3,2.5,,78.9,1,1,8,82.7,11,2.5,5,0.5,3
Austria,DB2019,78.7,,83.2,8,21,4.8,8,21,4.8,11.9,,75.1,,11,222,1.2,13,2,0,2,3,2,4,,87.7,,5,23,88.6,7,3,1,1,1,0,1,0.7,0.7,3,9.8,,80,,3,20.5,4.6,23,7,3,8,5,0,,55,,,,,4,7,11,2.2,52.2,,70,,5,5,,,7,5,7,6,35,,83.5,,12,131,51.5,17.1,33.8,0.6,2,3,3,0,98.5,,100,,1,1,0,0,0,0,0,0,,,,,,,,75.5,,,397,30,277,90,20.6,13.6,6.5,0.5,13,4.5,4,2,2.5,,77.5,1,1.1,10,80.1,11,2.5,5.5,1,2
Azerbaijan,DB2019,73.6,,96.1,3,3.5,1.3,3,3.5,1.3,0,,73.1,,18,116,1.9,12,2,1,2,3,0,4,,77.3,,7,41,140.4,7,3,1,1,1,0,1,0.9,1,3,5.4,,72.2,,3,5.5,7.6,17.5,7,3,0,7.5,0,,80,,,,,8,8,16,41.5,41.5,,46,,10,5,,,8,0,0,0,23,,84.6,,7,159,41.2,13.8,24.8,2.6,8,28,3,0,83.8,,77,,33,33,17,14,250,200,214,300,,,,,,,,65.7,,,277,27,160,90,18.5,16.4,1.1,1,5.5,3,1,1.5,0,,63.8,0,1.5,12,40.1,13.5,3,6,1.5,3
"Bahamas, The",DB2019,59.4,,84.5,7,21.5,11.4,7,21.5,11.4,0,,70.9,,17,180,0.8,12,2,1,2,3,0,4,,73.6,,5,67,90.4,4,1,1,1,1,0,0,5.3,6.8,5,27.6,,43.3,,7,122,4.3,3,0,2.5,0,0.5,0,,30,,,,,6,0,6,0,0,,46,,2,5,,,8,5,1,2,23,,80.1,,20,197,31.5,0,6.3,25.2,5,20,No corporate income tax,No corporate income tax,79.3,,53.1,,12,6,36,51,550,550,512,1385,,,,,,,,59.1,,,545,20,345,180,28.9,18,2.9,8,8,4.5,1,0.5,2,,53.4,1,3,12,64.3,6,2,3,0,1
Bahrain,DB2019,70.1,,89.6,6,8,1.1,7,9,1.1,3.1,,73.4,,11,174,3.9,12,2,1,2,3,1,3,,74.8,,5,85,61,5,2,1,1,0,0,1,1.1,0.9,1,4.8,,81.1,,2,31,1.7,17.5,6,1.5,4,6,0,,45,,,,,1,8,9,0,28,,64,,8,4,,,5,5,6,4,32,,93.9,,14,29,13.8,0,13.5,0.3,No VAT,No VAT,No corporate income tax,No corporate income tax, ,,77.8,,24,60,71,42,100,130,47,397,,,,,,,,57.3,,,635,30,545,60,14.7,10,3.4,1.3,5.5,1.5,2,0,2,,44.6,0,2.5,9.5,42.2,7,2,4,0,1
Bangladesh,DB2019,42.5,,80.8,9,19.5,21.2,9,19.5,21.2,0,,60.8,,16,274,1.8,10,2,1,2,3,0,2,,30.8,,9,150,2155.9,0,0,0,0,1,0,0,..,..,N/A,9.2,,28.9,,8,271,7.2,6.5,0,3.5,0,3,0,,25,,,,,5,0,5,3.2,0,,60,,6,7,,,7,4,3,3,30,,56.1,,33,435,33.4,31.1,0,2.3,58,18,37,9,44.4,,31.8,,147,144,168,216,225,370,408,900,,,,,,,,22.2,,,1442,30,1047,365,66.8,40,8.3,18.5,7.5,3,1,0.5,3,,28.2,0,4,8,29.2,4,2,2,0,0
Bangladesh - Chittagong,DB2019,43.4,,80.8,9,19.5,21.2,9,19.5,21.2,0,,63.6,,15,247,1.7,10,2,1,2,3,0,2,,37.3,,7,158,1879.8,0,0,0,0,1,0,0,..,..,N/A,9.3,,28.9,,8,295,7.2,6.5,0,3.5,0,3,0,,25,,,,,5,0,5,3.2,0,,60,,6,7,,,7,4,3,3,30,,56.1,,33,435,33.4,31.1,0,2.3,58,18,37,9,44.3,,31.8,,147,144,168,216,225,370,408,900,,,,,,,,22.2,,,1442,30,1047,365,66.8,40,8.3,18.5,7.5,3,1,0.5,3,,28.2,0,4,8,29.2,4,2,2,0,0
Bangladesh - Dhaka,DB2019,42.2,,80.8,9,19.5,21.2,9,19.5,21.2,0,,60,,16,281,1.8,10,2,1,2,3,0,2,,29,,9,148,2233.8,0,0,0,0,1,0,0,..,..,N/A,9.2,,28.9,,8,264,7.1,6.5,0,3.5,0,3,0,,25,,,,,5,0,5,3.2,0,,60,,6,7,,,7,4,3,3,30,,56.1,,33,435,33.4,31.1,0,2.3,58,18,37,9,44.4,,31.8,,147,144,168,216,225,370,408,900,,,,,,,,22.2,,,1442,30,1047,365,66.8,40,8.3,18.5,7.5,3,1,0.5,3,,28.2,0,4,8,29.2,4,2,2,0,0
Barbados,DB2019,57.7,,86.4,7,16,7.3,7,16,7.3,0,,56.6,,9,377,0.2,6.5,2,0,0,3,0.5,1,,65.1,,8,88,61.3,6,1,1,1,1,1,1,4.5,7,5,25.8,,59.3,,7,39,4.5,10.5,4,2,0,4.5,0,,30,,,,,6,0,6,0,0,,38,,2,2,,,7,3,1,4,19,,71.9,,29,245,35.3,19.9,12.3,3.1,0,56,4,0,74.1,,61.7,,54,46,41,104,109,150,486,1776,,,,,,,,38,,,1340,20,1020,300,19.7,15,0.7,4,6.5,3,1,0.5,2,,69.8,1,1.8,15,65.8,11,2.5,4.5,1,3
Belarus,DB2019,74.4,,93.4,4,9,0.5,4,9,0.5,0,,74.8,,15,160,1.8,13,2,1,2,3,1,4,,90.2,,3,105,97.8,8,3,1,1,1,1,1,0.2,0.2,0.5,11.7,,87.8,,4,5,0,23.5,7,4.5,4,8,0,,50,,,,,3,7,10,48.8,0,,60,,7,2,,,8,3,5,5,30,,70.7,,7,184,53.3,11.1,39,3.1,No VAT refund per case study scenario,No VAT refund per case study scenario,1,0,50,,96.5,,4,4,7,0,60,0,65,0,,,,,,,,67.6,,,275,50,135,90,23.4,12,11.4,0,7.5,2.5,2.5,0,2.5,,52.6,0,1.5,17,39.6,10,2,5.5,0.5,2
Belgium,DB2019,74.7,,91.4,5,4.5,5.4,5,4.5,5.4,16,,75.4,,10,212,0.9,12,2,1,2,3,2,2,,70.6,,6,171,96.1,8,3,1,1,1,1,1,0.7,0.6,3,15.8,,51.4,,8,56,12.7,22.5,5,3.5,8,6,0,,65,,,,,8,5,13,95.7,0,,68,,8,6,,,7,4,3,6,34,,77.5,,11,136,57.7,10.9,46.2,0.6,5,29,6,0,83.5,,100,,1,1,0,0,0,0,0,0,,,,,,,,64.3,,,505,15,400,90,18,10,5,3,8,4.5,1,0,2.5,,83.9,1,0.9,3.5,89.1,11.5,2.5,6,1,2
Belize,DB2019,55.3,,72,9,48,34.7,9,48,34.7,0,,64.2,,16,142,2.5,7,2,1,0,3,0,1,,73,,5,66,320.4,4,0,1,1,1,0,1,14.2,15.8,5,19.5,,52.4,,9,60,4.8,11,5,2.5,0,3.5,0,,20,,,,,4,0,4,0,0,,28,,3,4,,,7,0,0,0,14,,79.9,,29,147,31.1,24.7,5,1.3,5,19,4,5,85.1,,67.4,,38,36,96,48,50,75,710,688,,,,,,,,50.1,,,892,30,562,300,27.5,17.5,2,8,8,2.5,1.5,1.5,2.5,,45.9,1,2,22.5,56.3,5,2,1,0,2
Benin,DB2019,51.7,,90.6,5,8,3.5,6,9,3.6,5.2,,70.3,,14,88,5,9,2,1,0,2,2,2,,33.8,,5,90,11987,0,0,0,0,0,0,1,..,..,N/A,19.6,,54.2,,4,120,3.4,6.5,0,2.5,0,4,0,,30,,,,,6,0,6,0.8,0,,42,,7,1,,,5,4,2,2,21,,49.3,,54,270,48.9,11.9,26.4,10.6,No VAT refund per case study scenario,No VAT refund per case study scenario,3,0,49.3,,68.9,,48,59,78,82,80,110,354,599,,,,,,,,37.3,,,750,30,405,315,64.7,17.3,36.5,10.9,6.5,3,1,0,2.5,,40.7,0,4,21.5,23.3,9,2,5.5,0.5,1
Bhutan,DB2019,66,,86.4,8,12,3.5,8,12,3.5,0,,68.8,,21,150,1,12,2,1,2,3,0,4,,77.4,,4,61,412.3,4,1,0,0,1,1,1,5.4,6.6,5,5.4,,72.6,,3,77,5,23,7,2,8,6,0,,55,,,,,4,7,11,0,35.9,,46,,4,4,,,6,3,3,3,23,,89.3,,18,52,35.3,33.9,0,1.4,No VAT,No VAT,3,2,95.5,,94.2,,9,8,5,5,50,50,59,110,,,,,,,,70,,,225,20,90,115,23.1,23,0.1,0,8,2.5,3,0,2.5,,0,0,No Practice,No Practice,0,0,2,1,0,1
Bolivia,DB2019,51.6,,69.1,12,39.5,39.2,12,39.5,39.2,0,,60,,15,235,1.3,7,1,1,2,2,1,0,,72.6,,7,40,687.3,6,1,1,1,1,1,1,8,8.6,3,17,,49.9,,7,90,4.7,7,2,1.5,0,3.5,0,,35,,,,,0,7,7,17.6,52.9,,38,,1,5,,,6,4,1,2,19,,21.6,,42,1025,83.7,0,18.8,64.9,No VAT refund per case study scenario,No VAT refund per case study scenario,2,0,50,,71.6,,144,72,48,114,25,30,65,315,,,,,,,,55.6,,,591,40,401,150,25,10,10,5,6,2,1.5,0,2.5,,42.3,0,1.8,14.5,40.8,6.5,2.5,3,1,0
Bosnia and Herzegovina,DB2019,65.4,,59.8,13,80,14.9,13,80,14.9,11.1,,48.6,,17,180,21.6,13,2,1,2,3,1,4,,78.9,,5,69,315.1,6,2,1,1,1,0,1,2.4,0.6,3,16.2,,63.6,,7,35,5.1,16.5,5,4,2,5.5,0,,65,,,,,7,6,13,43.7,12.9,,56,,3,6,,,5,4,5,5,28,,60.4,,33,411,23.7,8.4,13.6,1.7,40,19,30,15,47.7,,95.7,,4,8,5,6,22,27,70,109,,,,,,,,57.8,,,595,30,385,180,36,25,8,3,9.5,5,2.5,0,2,,67.8,0,3.3,9,38.9,15,3,6,3,3
Botswana,DB2019,66.2,,76.2,9,48,0.6,9,48,0.6,0,,75.6,,16,102,0.4,10.5,1.5,0,2,3,0,4,,59.4,,5,77,266.5,0,0,1,0,0,0,1,..,..,N/A,14.4,,65.9,,4,27,5.1,10.5,1,2.5,4,3,0,,60,,,,,5,7,12,0,53.6,,60,,7,8,,,3,4,3,5,30,,80,,34,120,25.1,21.5,0,3.6,10,26,4,0,82.7,,86.7,,18,3,5,4,179,67,317,98,,,,,,,,50,,,660,30,550,80,39.8,35,3.3,1.5,7,2.5,2.5,0,2,,48,1,1.7,18,65.9,4,3,1,0,0
Brazil,DB2019,58.6,,80.3,11,20,4.7,11,20,4.7,0,,52.1,,19,338,1,8.4,2,1,0,2.4,1,2,,72.8,,5,128,212.7,6,1,1,1,1,1,1,9.8,5.2,3,16.3,,51.9,,14,31,3.6,13.8,5,3.7,2,3.5,0,,50,,,,,2,8,10,78.7,80.5,,62,,5,8,,,4,4,4,6,31,,34.4,,10,1958,65.1,22.4,39.4,3.3,No VAT refund per case study scenario,No VAT refund per case study scenario,39,87,7.8,,69.9,,12,24,49,30,226,107,862,375,,,,,,,,64.1,,,801,41,550,210,22,13.9,7,1.1,13.1,4.1,3,3,3,,48.5,1,4,12,14.6,13,2.5,5.5,2,3
Brazil - Rio de Janeiro,DB2019,59,,80.2,10,23.5,6,10,23.5,6,0,,58.6,,18,267,0.8,9,2,1,0,3,1,2,,74,,5,123,0.5,6,1,1,1,1,1,1,8.8,4.7,3,21.1,,50.5,,13,41.5,3.5,13.5,4,4,2,3.5,0,,50,,,,,2,8,10,78.7,80.5,,62,,5,8,,,4,4,4,6,31,,34.4,,9,1958,65.7,22.1,39.4,4.2,No VAT refund per case study scenario,No VAT refund per case study scenario,39,87,7.8,,69.9,,12,24,49,30,226,107,862,375,,,,,,,,62,,,911,41,660,210,24,15.9,7,1.1,14,5,3,3,3,,48.5,1,4,12,14.6,13,2.5,5.5,2,3
Brazil - São Paulo,DB2019,58.3,,80.4,11,18,3.9,11,18,3.9,0,,48,,19,384,1.1,8,2,1,0,2,1,2,,72,,5,132,348.4,6,1,1,1,1,1,1,10.5,5.4,3,13.3,,52.8,,14,25,3.6,14,5,3.5,2,3.5,0,,50,,,,,2,8,10,78.7,80.5,,62,,5,8,,,4,4,4,6,31,,34.4,,10,1958,64.7,22.6,39.4,2.7,No VAT refund per case study scenario,No VAT refund per case study scenario,39,87,7.8,,69.9,,12,24,49,30,226,107,862,375,,,,,,,,65.4,,,731,41,480,210,20.7,12.6,7,1.1,12.5,3.5,3,3,3,,48.5,1,4,12,14.6,13,2.5,5.5,2,3
Brunei Darussalam,DB2019,69.6,,94.9,3,5,1.2,4,6,1.2,0,,73.5,,20,83,1.9,12,2,1,2,3,0,4,,87.7,,5,25,40.1,7,3,1,1,0,1,1,0.5,0.4,1,5.2,,51.5,,7,298.5,0.6,18,5,4.5,4,4.5,0,,100,,,,,12,8,20,75.2,0,,40,,4,8,,,8,0,0,0,20,,74,,5,53,8,0.1,7.9,0,No VAT,No VAT,137,65,0,,58.7,,155,132,117,48,90,50,340,395,,,,,,,,60.9,,,540,50,400,90,36.6,30,3.6,3,10.5,3,3,2.5,2,,55.1,0,2.5,3.5,47.2,9.5,3,5,1.5,0
Bulgaria,DB2019,71.8,,85.4,7,23,1.1,7,23,1.1,0,,75.5,,18,97,3.8,14,2,1,2,3,2,4,,54.9,,6,262,428.8,6,1,1,1,1,1,1,6.2,5,3,12.4,,69.3,,8,19,2.9,19,6,4,4,5,0,,65,,,,,8,5,13,75.4,0,,74,,10,2,,,8,6,4,7,37,,72,,14,453,27.7,4.9,20.8,2,15,25,12,8,71,,97.4,,2,1,4,1,52,0,55,0,,,,,,,,67,,,564,105,334,125,18.6,10,5.6,3,10.5,3.5,2.5,2,2.5,,57.5,0,3.3,9,37.2,12,2.5,3,2.5,4
Burkina Faso,DB2019,51.3,,88.1,3,13,43.3,3,13,43.3,6.6,,68.3,,15,121,7.9,12,1,1,2,3,2,3,,29.4,,4,169,9353.5,0,0,1,1,1,0,1,..,..,N/A,22.9,,50.5,,4,67,12,11.5,2,3,0,6.5,0,,30,,,,,6,0,6,0.5,1.1,,42,,7,1,,,5,4,2,2,21,,55.9,,45,270,41.3,16.2,21.4,3.6,No VAT refund per case study scenario,No VAT refund per case study scenario,3,0,49.3,,66.6,,84,96,75,102,86,197,261,265,,,,,,,,41.1,,,446,21,196,229,81.7,53.6,8.8,19.3,7.5,4,1,0,2.5,,40.9,0,4,21,23.7,9,2,5.5,0.5,1
Burundi,DB2019,46.5,,93.1,4,5,10.7,4,5,10.7,0,,56.8,,15,70,10.7,5,1,0,1,2,1,0,,26.4,,5,158,13108.3,0,0,1,1,1,0,1,..,..,N/A,15.7,,62.6,,5,23,3.1,4.5,1,0,0,3.5,0,,10,,,,,2,0,2,4,0,,34,,8,7,,,2,0,0,0,17,,60.9,,24,232,41.2,28.5,10.2,2.5,No VAT refund per case study scenario,No VAT refund per case study scenario,13,21,28.2,,47.3,,120,180,59,154,150,1025,109,444,,,,,,,,43,,,832,22,395,415,36.1,20,10,6.1,5,3,0.5,0,1.5,,30.6,0,5,30,7.5,8.5,2.5,4,1,1
Cabo Verde,DB2019,54,,82,9,18,14.4,9,18,14.4,0,,73.5,,17,115,1.1,11,1,1,2,3,2,2,,50,,7,81,1503.9,1,0,0,0,1,0,0,20.2,17,0,28.9,,66.7,,6,22,2.2,10,2,3,0,5,0,,35,,,,,1,6,7,19.9,0,,24,,1,5,,,6,0,0,0,12,,75,,30,180,37,18.5,18.1,0.4,6,35,4,0,80.7,,69.1,,24,24,72,60,125,125,641,588,,,,,,,,64.8,,,425,45,180,200,19.8,10,3,6.8,7.5,2.5,3,0,2,,0,0,No Practice,No Practice,0,0,2.5,4.5,1,2
Cambodia,DB2019,53.8,,52.8,9,99,47.4,9,99,47.4,76.2,,44.2,,20,652,3.3,8,2,1,2,2,0,1,,57,,4,179,1837.4,3,0,0,1,1,0,1,27.3,18.8,1,18,,55.2,,7,55,4.3,7.5,2,0.5,0,5,0,,80,,,,,10,6,16,0,50.4,,40,,6,10,,,4,0,0,0,20,,61.3,,40,173,21.7,19.4,0.5,1.8,21,64,31,39,26,,67.3,,132,132,48,8,100,120,375,240,,,,,,,,31.7,,,483,63,250,170,103.4,95.8,1,6.6,4.5,1,1,0,2.5,,48.4,0,6,18,14.5,13,3,4,3,3
Cameroon,DB2019,46,,86.3,5,13,24.6,6,14,25,12.1,,55.8,,16,135,17.6,13,2,1,2,2,2,4,,61,,4,64,1552.7,0,0,0,0,1,1,1,..,..,N/A,14.1,,40.1,,5,81,13.7,7,2,2.5,0,3.5,-1,,60,,,,,6,6,12,11.1,0,,28,,7,1,,,6,0,0,0,14,,36.3,,44,624,57.7,38.9,18.3,0.5,No VAT refund per case study scenario,No VAT refund per case study scenario,3,0,49.3,,16,,66,163,202,271,306,849,983,1407,,,,,,,,39.9,,,800,30,410,360,46.6,21.3,11.8,13.5,5,2.5,0,0,2.5,,36.6,0,2.8,33.5,15.8,9,2,5.5,0.5,1
Canada,DB2019,79.7,,98.2,2,1.5,0.3,2,1.5,0.3,0,,73,,12,249,1.9,14,2,1,2,3,2,4,,63.8,,7,137,119.8,6,2,1,1,1,0,1,0.9,1.3,1,13.3,,77.8,,5,4,3.8,21.5,7,3,6,5.5,0,,85,,,,,9,8,17,0,100,,84,,8,9,,,9,4,6,6,42,,88.1,,8,131,20.5,3.9,12.6,4,8,14,15,15,73.2,,88.4,,1,1,2,2,156,163,167,172,,,,,,,,57.1,,,910,30,730,150,22.3,15,5.3,2,11,4,2,3,2,,81.5,1,0.8,7,87.5,11,2.5,4.5,1,3
Central African Republic,DB2019,34.8,,60.9,10,22,143.4,10,22,143.4,40.7,,34.1,,17,219,26.9,6,0,1,1,2,0,2,,24.6,,7,98,11557.5,0,0,0,0,0,0,0,..,..,N/A,9.8,,41.9,,5,75,11,3,0,0,0,3,0,,30,,,,,6,0,6,4.6,0,,26,,7,1,,,5,0,0,0,13,,18.9,,56,483,73.3,0,19.8,53.6,No VAT refund per case study scenario,No VAT refund per case study scenario,66,25,5.1,,52.4,,48,120,141,122,60,500,280,709,,,,,,,,31.4,,,660,30,280,350,82,31.3,12.4,38.3,5.5,3,0,0,2.5,,28.1,0,4.8,76,0,9,2,5.5,0.5,1
Chad,DB2019,36.7,,52.1,8,58,172.3,8,58,172.3,26,,46.8,,14,226,19.2,11.5,1.5,0,2,3,2,3,,32.2,,6,67,9916.3,0,0,0,0,0,0,0,..,..,N/A,20.5,,53,,6,44,8.1,8.5,3,1.5,0,5,-1,,30,,,,,6,0,6,2.6,0,,24,,7,1,,,4,0,0,0,12,,17.9,,54,766,63.5,31.3,28.4,3.8,No VAT refund per case study scenario,No VAT refund per case study scenario,46,21,13.1,,37,,87,172,106,242,188,500,319,965,,,,,,,,45.5,,,743,35,320,388,45.7,23.5,13.8,8.4,7,4.5,0,0,2.5,,28.1,0,4,60,0,9,2,5.5,0.5,1
Chile,DB2019,72.3,,89.1,7,6,5.7,7,6,5.7,0,,75.9,,12,195,1.3,13,2,1,2,3,1,4,,85.7,,5,43,48.9,7,2,1,1,1,1,1,2.3,1.7,3,9.7,,71.1,,6,28.5,1.1,14,2,3.5,4,5.5,-1,,55,,,,,4,7,11,50.2,32.4,,66,,8,6,,,7,6,4,2,33,,75.3,,7,296,34,26.2,5.1,2.6,26,38,31,0,57,,80.6,,24,36,60,54,50,50,290,290,,,,,,,,64.7,,,521,71,270,180,25.6,15,5,5.6,10,3,3.5,2,1.5,,59.9,0,2,14.5,41.6,12,2.5,4.5,2,3
China,DB2019,74,,93.4,4,9,1.2,4,9,1.2,0,,65.2,,20,155,2.9,11.1,2,1,2,3,2,1.1,,92,,3,34,0,6,3,1,1,1,0,0,0.9,0.2,3,15.5,,80.8,,4,9,4.6,23.7,8,4,4,7.8,0,,60,,,,,4,8,12,98.1,0,,62,,10,1,,,5,5,4,6,31,,67.9,,7,142,64,11.8,45.4,6.8,No VAT refund per case study scenario,No VAT refund per case study scenario,1,0,50,,83.4,,9,24,26,48,74,77,314,326,,,,,,,,79,,,496,33,224,240,16.2,8.7,5,2.5,15.5,5,4.5,3,3,,55.8,0,1.7,22,36.9,11.5,3,5,2.5,1
China - Beijing,DB2019,73.9,,93.6,4,8,0.8,4,8,0.8,0,,62.1,,22,136.5,3.7,10,2,1,2,3,2,0,,92,,3,34,0,6,3,1,1,1,0,0,0.8,0.2,3,17.4,,82.2,,3,9,4.6,24,8,4.5,4,7.5,0,,60,,,,,4,8,12,98.1,0,,62,,10,1,,,5,5,4,6,31,,69.4,,7,142,60.5,13,40.8,6.7,No VAT refund per case study scenario,No VAT refund per case study scenario,1,0,50,,82.8,,10,24,30,48,78,80,325,315,,,,,,,,79.1,,,510,30,240,240,17.5,10,5,2.5,16,5,5,3,3,,55.8,0,1.7,22,36.9,11.5,3,5,2.5,1
China - Shanghai,DB2019,74,,93.3,4,9,1.5,4,9,1.5,0,,67.7,,19,169.5,2.4,12,2,1,2,3,2,2,,92,,3,34,0,6,3,1,1,1,0,0,1,0.2,3,14,,79.7,,4,9,4.6,23.5,8,3.5,4,8,0,,60,,,,,4,8,12,98.1,0,,62,,10,1,,,5,5,4,6,31,,66.7,,7,142,66.9,10.8,49.1,7,No VAT refund per case study scenario,No VAT refund per case study scenario,1,0,50,,83.9,,8,24,23,48,70,75,305,335,,,,,,,,78.8,,,485,35,210,240,15.1,7.6,5,2.5,15,5,4,3,3,,55.8,0,1.7,22,36.9,11.5,3,5,2.5,1
Colombia,DB2019,69.2,,85.3,8,11,14,8,11,14,0,,68.8,,13,132,7.1,11,2,1,0,3,2,3,,75.8,,5,92,519,6,1,1,1,1,1,1,4.6,4.2,3,13.2,,71.2,,7,15,2,16.5,6,3.5,2,5,0,,90,,,,,11,7,18,0,78.4,,80,,9,7,,,8,4,7,5,40,,57.9,,11,256,71.9,21.7,18.6,31.6,No VAT refund per case study scenario,No VAT refund per case study scenario,6,0,48.2,,61.8,,60,64,112,112,90,50,630,545,,,,,,,,34.3,,,1288,68,855,365,45.8,23.2,10.5,12.1,9,3.5,1.5,1.5,2.5,,67.4,1,1.7,8.5,67.2,10,3,5.5,0.5,1
Comoros,DB2019,47,,72.2,9,16,82.5,9,16,82.5,28.5,,66.8,,11,107,2.5,4,0,1,0,2,1,0,,57.7,,3,120,2005.2,0,0,0,0,0,0,0,..,..,N/A,26.8,,57.7,,4,30,8,7,2,0,0,5,0,,40,,,,,6,2,8,13,0,,26,,7,1,,,5,0,0,0,13,,49.9,,33,100,219.6,30.4,0,189.2,No VAT,No VAT,12,21,57.3,,66.9,,50,26,51,70,124,93,651,765,,,,,,,,33,,,506,21,425,60,89.4,30.1,40.2,19.1,5.5,3,0,0,2.5,,0,0,No Practice,No Practice,0,0,2,5.5,0.5,1
"Congo, Dem. Rep.",DB2019,35.2,,90.2,4,7,26.7,4,7,26.7,6,,53,,13,122,15,7,2,1,1,2,1,0,,34.7,,6,44,14195,0,0,0,0,0,0,1,..,..,N/A,10,,46.3,,8,38,10.3,9,1,4,0,5,-1,,30,,,,,6,0,6,0.7,0,,22,,7,1,,,3,0,0,0,11,,39.4,,52,346,54.6,27.5,12.6,14.5,No VAT refund per case study scenario,No VAT refund per case study scenario,23,17,27.1,,3.5,,192,174,296,336,500,765,2223,3039,,,,,,,,33.3,,,610,20,300,290,80.6,70,7.8,2.8,5.5,2.5,0.5,0,2.5,,0,0,No Practice,No Practice,0,0,2,5.5,0.5,1
"Congo, Rep.",DB2019,38.2,,64.1,10,49,75.5,11,50,75.5,2.9,,59.8,,13,164,10.4,9.5,0.5,1,2,2,2,2,,29,,6,134,6769,0,0,0,0,0,0,0,..,..,N/A,8.2,,40.1,,5,54,13.9,3.5,0,1,0,3.5,-1,,35,,,,,6,1,7,12.4,0,,26,,7,1,,,5,0,0,0,13,,26.8,,50,602,54.3,0,31.3,22.9,No VAT refund per case study scenario,No VAT refund per case study scenario,37,28,12.3,,19.7,,120,208,276,397,165,310,1975,1581,,,,,,,,44,,,560,18,242,300,53.2,34.7,12.5,6,5,2.5,0,0,2.5,,37.8,0,3.3,25,18,9,2,5.5,0.5,1
Costa Rica,DB2019,68.8,,79.9,10,23,9.5,10,23,9.5,0,,70.8,,17,138,2,11,2,1,2,3,1,2,,85.1,,5,45,164.6,7,2,1,1,1,1,1,1.8,1,5,14.4,,74.4,,5,11,3.4,17.5,5,3.5,4,5,0,,85,,,,,10,7,17,34.5,87.9,,48,,5,5,,,8,2,3,1,24,,78,,10,151,58.3,19.2,32.7,6.4,6,23,3,0,87.2,,79.3,,24,26,20,80,80,75,375,420,,,,,,,,53.3,,,852,45,547,260,24.3,20,1.4,2.9,8.5,3,2.5,0.5,2.5,,34.5,0,3,14.5,29.3,6,3,2,0,1
Côte d'Ivoire,DB2019,58.3,,93.7,4,6,2.7,4,6,2.7,2.7,,57.5,,22,163,5.8,10,2,1,2,2,1,2,,59.4,,8,53,2147.3,5,0,1,1,1,1,1,15,23,5,11.8,,58.2,,5,39,7.1,9.5,3,1.5,0,6,-1,,70,,,,,6,8,14,0.3,9.6,,42,,7,1,,,5,4,2,2,21,,46.5,,63,205,50.1,8.8,23.3,17.9,64,54,14,0,44.9,,52.4,,84,89,239,125,136,267,423,456,,,,,,,,55.7,,,525,25,150,350,41.7,16.7,15,10,8.5,4.5,1.5,0,2.5,,48,0,2.2,18,36.9,9,2,5.5,0.5,1
Croatia,DB2019,73,,82.6,8,22.5,6.6,8,22.5,6.6,11.6,,55.7,,22,146,10.9,12,2,0,2,3,1,4,,83.6,,4,65,276.6,6,1,1,1,1,1,1,4.8,2.3,3,17.6,,73.9,,5,48,4,23.5,6,3.5,8,6,0,,55,,,,,5,6,11,0,100,,70,,5,6,,,6,6,7,5,35,,81.8,,12,206,20.5,0,19.4,1.1,0,6,37,20,66.7,,100,,1,1,0,0,0,0,0,0,,,,,,,,70.6,,,650,50,365,235,15.2,8.6,4,2.6,13,5,3.5,2,2.5,,56.2,0,3.1,14.5,34.8,12,3,4,3,2
Cyprus,DB2019,72.8,,91.2,5,6,11.9,5,6,11.9,0,,64.1,,8,507,1,11,1,1,2,3,0,4,,78.3,,5,137,124.2,8,3,1,1,1,1,1,0.3,0.1,5,14.9,,68,,7,9,7.6,23,7,2.5,8,5.5,0,,60,,,,,7,5,12,0,73.1,,76,,9,4,,,7,6,5,7,38,,80.8,,27,123,22.2,8.1,13,1.1,11,44,3,0,74.5,,88.4,,2,2,18,15,50,50,300,335,,,,,,,,48.6,,,1100,20,900,180,16.4,10.8,0.5,5.1,8,3,1.5,1,2.5,,72.3,1,1.5,14.5,73.4,10.5,3,5,1.5,1
Czech Republic,DB2019,76.3,,82.1,9,24.5,1,9,24.5,1,0,,56.2,,21,246,0.2,8,2,0,2,3,1,0,,95.4,,3,60,24.1,8,3,1,1,1,1,1,0.5,0.4,3,12.1,,79.7,,4,27.5,4,25,8,4,8,5,0,,70,,,,,7,7,14,7.2,80.5,,62,,2,6,,,9,5,5,4,31,,81.4,,8,230,46.1,5.2,38.4,2.6,4,18,2,0,90.8,,100,,1,1,0,0,0,0,0,0,,,,,,,,56.4,,,678,88,410,180,33.8,13.1,5.7,15,9.5,1.5,3,3,2,,80,1,2.1,17,67.4,14,2.5,5.5,3,3
Denmark,DB2019,85.2,,92.5,5,3.5,0.2,5,3.5,0.2,13.2,,86.9,,7,64,1.4,11,2,1,3,3,1,1,,90.2,,4,38,103.4,7,3,1,1,1,0,1,0.5,0.5,1,20.3,,89.9,,3,4,0.6,24.5,7,3,8,6.5,0,,70,,,,,8,6,14,0,7.4,,72,,7,5,,,8,5,5,6,36,,91.1,,10,132,23.8,17.1,4,2.8,8,10,5,3,89.1,,100,,1,1,0,0,0,0,0,0,,,,,,,,73.9,,,485,30,365,90,23.3,5,3.3,15,14,3.5,4.5,3.5,2.5,,85.1,1,1,4,88.5,12,3,6,1,2
Djibouti,DB2019,58.4,,84,6,14,41.9,6,14,41.9,0,,69,,16,146,5.1,12,2,1,3,3,1,2,,64.2,,4,52,941.8,0,0,1,1,0,0,1,..,..,N/A,25.5,,58.2,,6,24,5.7,7,3,1.5,0,2.5,0,,25,,,,,5,0,5,0.4,0,,52,,8,8,,,10,0,0,0,26,,62.7,,35,76,37.9,17.7,17.7,2.6,No VAT refund per case study scenario,No VAT refund per case study scenario,15,24,25.2,,59.4,,60,50,72,118,95,100,605,1055,,,,,,,,48.4,,,695,30,365,300,34,17,10,7,5.5,3,0.5,0,2,,60.9,0,2.3,11,37.6,13,2,5.5,1.5,4
Dominica,DB2019,60.5,,89.4,5,12,14.7,5,12,14.7,0,,70.1,,11,191,0.3,8,2,1,1,2,0,2,,82.5,,5,61,439.5,7,3,1,1,1,0,1,0.6,0.3,5,34.5,,33.5,,5,125,13.3,4.5,0,1.5,0,3,0,,30,,,,,6,0,6,0,0,,58,,4,8,,,8,3,4,2,29,,75.6,,37,117,32.6,21.8,7.9,3,15,32,2,0,78.9,,74.3,,12,24,36,39,50,50,625,906,,,,,,,,57.5,,,741,21,510,210,36,20.8,7.4,7.8,11.5,4.5,3,1.5,2.5,,34.5,0,4,10,29.3,6,2,2,0,2
Dominican Republic,DB2019,59.3,,83.4,7,16.5,14.1,7,16.5,14.1,31.3,,70.4,,15,206,2.6,13,2,1,2,3,1,4,,67.9,,7,67,251.2,5,1,1,1,1,0,1,7.6,9.8,3,20.4,,67.2,,6,33,3.4,14.5,6,3,0,5.5,0,,45,,,,,1,8,9,26.3,100,,34,,5,4,,,8,0,0,0,17,,57.4,,7,317,48.8,29.1,18.6,1.1,No VAT refund per case study scenario,No VAT refund per case study scenario,60,18,10.7,,83.5,,10,14,16,24,15,40,488,579,,,,,,,,46.9,,,590,20,450,120,40.9,25,7.5,8.4,4.5,2,0.5,0,2,,37.5,0,3.5,38,8.8,10.5,2.5,5.5,0.5,2
Ecuador,DB2019,57.6,,69.1,11,48.5,33.3,11,48.5,33.3,0,,66.4,,17,132,1.9,8,1,1,0,3,1,2,,72.2,,7,74,614.7,7,2,1,1,1,1,1,2.3,3.1,3,11.7,,66,,8,36,2.1,16,4,4,2,6,0,,45,,,,,1,8,9,0,73.3,,44,,2,5,,,6,5,3,1,22,,59.4,,8,664,32.3,16.1,13.7,2.5,No VAT refund per case study scenario,No VAT refund per case study scenario,3,0,49.5,,71.2,,24,120,96,24,60,75,560,250,,,,,,,,57.5,,,523,38,365,120,27.2,15,5,7.2,6.5,2,2,0,2.5,,25.4,0,5.3,18,18.1,5,2,2,0,1
"Egypt, Arab Rep.",DB2019,58.5,,83.8,6,11,42.6,7,12,42.6,0,,70.8,,20,173,1.6,14,2,1,2,3,2,4,,71.5,,5,53,227,3,2,0,0,1,0,0,2.5,2.5,5,8,,55,,9,76,1.1,9,2,3,0,4,0,,65,,,,,5,8,13,8.4,27.3,,62,,8,3,,,3,5,6,6,31,,52.6,,29,392,46.9,13.7,28.8,4.4,89,35,24,17,36.5,,42.2,,88,265,48,240,100,1000,258,554,,,,,,,,40,,,1010,20,720,270,26.2,18,1.3,6.9,4,2,0,0,2,,42.3,0,2.5,22,23.4,9.5,2.5,4,1,2
El Salvador,DB2019,64.9,,78.4,9,16.5,45.1,9,16.5,45.1,2.7,,52.7,,16,310,6,10,2,1,1,3,0,3,,71.2,,7,56,553.4,6,1,1,1,1,1,1,6.7,4.2,3,16.7,,66.3,,6,31,3.8,14,5,4,0,5,0,,80,,,,,9,7,16,30.7,33.6,,36,,3,0,,,7,4,1,3,18,,77.3,,7,180,35.6,16.9,17.4,1.4,No VAT refund per case study scenario,No VAT refund per case study scenario,3,0,49.5,,89.8,,9,13,24,36,50,67,128,128,,,,,,,,51.9,,,816,70,381,365,28.4,20,3,5.4,8,3,2,0.5,2.5,,45.6,0,3.5,12,32.5,9,2,4,0,3
Equatorial Guinea,DB2019,40.5,,55.7,16,33,101.2,16,33,101.2,22.3,,55,,13,144,4.1,1,0,0,0,0,1,0,,54.4,,5,106,872.2,0,0,0,0,0,0,0,..,..,N/A,17,,44.4,,6,23,12.5,4,0,0,0,5,-1,,40,,,,,6,2,8,8.7,0,,26,,7,1,,,5,0,0,0,13,,41.5,,46,492,79.4,53,25.4,1,No VAT,No VAT,9,0,93.1,,32,,154,240,132,240,85,70,760,985,,,,,,,,56.2,,,475,20,365,90,19.5,10,5.5,4,3.5,1,0.5,0,2,,0,0,No Practice,No Practice,0,0,2,5.5,0.5,1
Eritrea,DB2019,21.5,,51.9,13,84,23.7,13,84,23.7,104,,0,,No Practice,No Practice,No Practice,No Practice,No Practice,No Practice,No Practice,No Practice,No Practice,No Practice,,0,,No Practice,No Practice,No Practice,No Practice,No Practice,No Practice,No Practice,No Practice,No Practice,No Practice,No Practice,No Practice,No Practice,No Practice,,35.3,,11,78,9,6.5,2,0,0,4.5,0,,0,,,,,0,0,0,0,0,,16,,3,0,,,5,0,0,0,8,,55.9,,30,216,83.7,9.2,0,74.6,No VAT,No VAT,9,0,93.1,,0,,No Practice,No Practice,No Practice,No Practice,No Practice,No Practice,No Practice,No Practice,,,,,,,,55.9,,,490,40,270,180,16.6,9,3.6,4,3,1.5,0,0,1.5,,0,0,No Practice,No Practice,0,0,2,2,0,1
Estonia,DB2019,80.8,,95.3,3,3.5,1.1,3,3.5,1.1,14.6,,82.5,,10,103,0.2,11,2,1,3,3,1,1,,83.3,,5,91,154.1,8,3,1,1,1,1,1,0.3,0.3,3,8.5,,91,,3,17.5,0.5,27.5,8,4,8,7.5,0,,70,,,,,7,7,14,0,26.9,,58,,8,3,,,6,5,2,5,29,,89.6,,8,50,48.5,7.8,38.8,2,1,2,2,0,99.4,,99.9,,1,1,2,0,0,0,0,0,,,,,,,,75.8,,,455,60,320,75,17.9,9,7.9,1,13.5,3.5,3.5,4,2.5,,62.5,0,3,9,40.7,13,2.5,5.5,2,3
Eswatini,DB2019,58.7,,74.1,12,30,18.3,12,30,18.3,0.2,,66.8,,14,116,3.5,7,1,1,2,3,0,0,,59.9,,6,137,689.2,4,0,1,1,1,0,1,27.1,9.2,5,16.2,,59.9,,9,21,7.1,19,6,3,4,6,0,,55,,,,,4,7,11,0,43,,26,,2,5,,,6,0,0,0,13,,77.1,,33,122,35.7,25.3,6.4,4.1,16,19,4,0,83.1,,92.9,,2,4,2,3,76,76,134,134,,,,,,,,36.7,,,956,14,912,30,56.1,52,1.1,3,7.5,3,2,0.5,2,,38.7,0,2,14.5,37.1,6,3,2,0,1
Ethiopia,DB2019,47.1,,70.8,11,32,52.7,11,32,52.7,0,,52.8,,13,134,14.4,7,2,1,2,0,0,2,,59.7,,4,95,891.8,0,0,0,0,0,0,0,..,..,N/A,3.9,,49.7,,7,52,6,4,0,0,0,4,0,,15,,,,,3,0,3,0.4,0,,10,,3,0,,,2,0,0,0,5,,63.3,,29,300,37.7,24.6,12.4,0.7,47,49,8,0,51.6,,56,,76,194,51,72,175,750,172,120,,,,,,,,62.8,,,530,30,290,210,15.2,10,4.8,0.4,7,4.5,1,0,1.5,,30.5,0,3,14.5,27.7,5,2,2,0,1
Fiji,DB2019,61.4,,73.4,11,40,15.9,11,40,15.9,0,,67.7,,15,141,0.5,7,0,1,2,3,1,0,,72.4,,4,81,1307.7,4,1,1,1,0,0,1,7.5,6,5,20.3,,71.9,,4,69,3,19.5,4,1.5,8,6,0,,25,,,,,5,0,5,0,0,,54,,2,8,,,7,4,3,3,27,,71,,38,247,32.2,19.6,12.6,0.1,12,19,12,0,81.6,,77.6,,56,34,56,42,76,58,317,320,,,,,,,,57.1,,,397,36,206,155,42.6,28.6,4,10,7.5,3,2,0.5,2,,43.8,0,1.8,10,46.5,6,2,2,0,2
Finland,DB2019,80,,92.4,3,17,0.8,3,17,0.8,6.1,,75.8,,17,65,0.9,10,2,1,2,3,0,2,,89,,5,42,26.4,8,3,1,1,1,1,1,0.6,0.3,3,11.3,,78.9,,3,62,4,26.5,8,3,8,7.5,0,,60,,,,,6,6,12,0,21.4,,62,,6,4,,,8,5,2,6,31,,90.6,,8,90,37.3,11.9,23.9,1.5,5,6,8,0,93.1,,92.4,,2,1,36,2,70,0,213,0,,,,,,,,66.4,,,485,14,365,106,16.2,12.5,3.5,0.2,8.5,1.5,2,2.5,2.5,,92.8,1,0.9,3.5,88.3,14.5,3,6,2.5,3
France,DB2019,76.8,,93.3,5,3.5,0.7,5,3.5,0.7,0,,74.3,,9,213,3.9,13,2,1,3,2,2,3,,92,,4,53,5.8,8,3,1,1,1,1,1,0.2,0.1,3,13,,63.3,,8,42,7.3,24,7,3,8,6,0,,50,,,,,4,6,10,47.1,0,,68,,8,3,,,6,4,6,7,34,,79.3,,9,139,60.4,0.3,49.7,10.5,11,6,4,0,92.4,,100,,1,1,0,0,0,0,0,0,,,,,,,,73.5,,,447,22,325,100,17.4,10.7,2.7,4,12,4.5,3,2,2.5,,74.1,1,1.9,9,73.8,11,3,6,1,1
Gabon,DB2019,44.5,,82.6,7,31,6.1,7,31,6.1,2.5,,58.7,,14,275,1.5,7.5,2,1,0,2,0.5,2,,49.6,,7,148,1294.9,3,0,1,1,1,0,0,58.2,45,5,18.9,,41.1,,6,72,11.5,5,0,1.5,0,4.5,-1,,40,,,,,6,2,8,29,0,,24,,7,1,,,4,0,0,0,12,,35.9,,50,632,47.1,20.3,25.5,1.4,15,44,14,47,42.5,,43.9,,60,120,96,84,200,170,1633,1320,,,,,,,,32.8,,,1160,30,810,320,34.3,16.2,4.1,14,4,1.5,0,0,2.5,,36.3,0,5,14.5,15.2,9,2,5.5,0.5,1
"Gambia, The",DB2019,47.8,,69.9,7,25,120.9,7,25,120.9,0,,57.3,,12,173,4.8,3.5,0.5,1,0,2,0,0,,45.2,,5,101,4024.5,0,0,0,0,1,0,1,..,..,N/A,20,,50.8,,6,73,7.9,9.5,1,2,4,2.5,0,,30,,,,,6,0,6,0,0,,24,,2,5,,,5,0,0,0,12,,45.8,,49,326,56.6,6.1,12.7,37.9,No VAT refund per case study scenario,No VAT refund per case study scenario,7,0,47.7,,67.8,,48,32,109,87,133,152,381,326,,,,,,,,50.9,,,758,43,490,225,20.4,17,1.4,2,5,2.5,0,0,2.5,,36.6,0,2,14.5,27.3,7,3,3,1,0
Georgia,DB2019,83.5,,99.3,1,2,2.2,1,2,2.2,0,,79.3,,11,63,0.3,8,1,1,2,3,1,0,,84.4,,3,71,157.4,5,1,1,0,1,1,1,5.8,4.8,3,6.5,,92.9,,1,1,0,21.5,8,4.5,2,7,0,,85,,,,,9,8,17,0,100,,84,,9,6,,,9,5,7,6,42,,89,,5,220,9.9,7.8,0,2.1,22,10,1,0,85.9,,90,,2,2,6,15,0,189,112,396,,,,,,,,75,,,285,35,100,150,25,18,5,2,12,3.5,3.5,2.5,2.5,,56,0,2,10,40.2,11,2.5,5.5,0,3
Germany,DB2019,79.3,,83.6,9,8,6.5,9,8,6.5,31,,78.2,,9,126,1.2,9.5,1,1,2,2,0.5,3,,98.8,,3,28,38.5,8,3,1,1,1,1,1,0.2,0.2,3,32.2,,66.5,,6,52,6.7,23,7,2,8,6,0,,70,,,,,6,8,14,2,100,,62,,5,5,,,5,5,5,6,31,,82.1,,9,218,49,23.2,21.5,4.3,0,5,5,0,97.7,,91.8,,1,1,36,0,45,0,345,0,,,,,,,,70.4,,,499,29,380,90,14.4,6.6,5.4,2.4,10.5,4.5,1.5,1.5,3,,90.1,1,1.2,8,80.4,15,3,6,3,3
Ghana,DB2019,60.4,,84.3,8,14,15.5,8,14,15.5,1.4,,66.2,,16,170,4.6,11,2,1,2,2,1,3,,74,,4,78,906,4,0,1,1,1,0,1,77.3,47.7,5,22.2,,59.3,,5,33,6.1,8,1,3,0,4,0,,60,,,,,6,6,12,0,22.4,,60,,7,5,,,7,5,3,3,30,,66.8,,31,224,32.4,17.7,14.7,0,No VAT refund per case study scenario,No VAT refund per case study scenario,3,0,49.5,,54.8,,89,36,108,80,155,474,490,553,,,,,,,,54,,,710,15,365,330,23,10,3,10,6.5,3,1,0,2.5,,24.9,0,1.9,22,23.1,4,2,2,0,0
Greece,DB2019,67.4,,92.4,4,12.5,1.6,4,12.5,1.6,0,,69.5,,17,180,1.9,12,1,1,2,3,1,4,,84.7,,5,51,69.9,7,2,1,1,1,1,1,1.9,1.3,3,19.5,,46.9,,11,26,4.8,4.5,0,1.5,0,3,0,,45,,,,,2,7,9,0,72.5,,64,,7,4,,,5,5,6,5,32,,76.9,,8,193,51.9,23,28.3,0.6,20,31,4,0,75.7,,93.7,,1,1,24,1,30,0,300,0,,,,,,,,47.2,,,1711,60,1400,251,22.4,10,4.6,7.8,12,3,4.5,2,2.5,,53.8,0,3.5,9,33.2,11.5,2.5,5.5,2.5,1
Grenada,DB2019,53.4,,87.3,6,15,14,6,15,14,0,,62.5,,15,146,1.7,5,1,1,1,2,0,0,,73.3,,5,38,169.4,3,1,1,0,0,0,1,7.3,10.1,5,27.6,,50.1,,8,32,7.4,7,1,1.5,0,4.5,0,,30,,,,,6,0,6,0,0,,50,,4,8,,,8,2,2,1,25,,59.6,,42,140,47.8,26.5,5.6,15.6,No VAT refund per case study scenario,No VAT refund per case study scenario,4,0,48.9,,61.5,,13,24,101,37,40,50,1034,1256,,,,,,,,59.3,,,688,28,460,200,32.6,22.1,3.1,7.4,11,4.5,3,1.5,2,,0,0,No Practice,No Practice,0,0,2.5,4.5,1,3
Guatemala,DB2019,62.5,,86.7,6,15,18.1,6,15,18.1,0.6,,65,,11,226,6.3,11,2,1,2,3,1,2,,84.1,,5,44,515.4,7,2,1,1,1,1,1,3.7,2.4,3,19.4,,64.9,,7,24,3.7,13.5,4,4.5,0,5,0,,85,,,,,9,8,17,24.2,7,,30,,3,2,,,5,3,1,1,15,,70.3,,8,248,35.2,20.2,14.3,0.7,No VAT refund per case study scenario,No VAT refund per case study scenario,15,14,33,,77.2,,48,32,36,72,105,37,310,405,,,,,,,,34.5,,,1402,66,796,540,26.5,15,6.5,5,6,3,0.5,0.5,2,,27.6,0,3,14.5,28,4,2,0,0,2
Guinea,DB2019,49.3,,83.9,6,15,38.2,6,15,38.2,5.4,,66.1,,16,151,7.1,12,2,1,2,2,1,4,,55.5,,4,69,3160.3,0,0,0,0,0,0,1,..,..,N/A,19.6,,51.9,,6,44,7.8,6.5,0,2,0,4.5,0,,30,,,,,6,0,6,0,0,,26,,7,1,,,5,0,0,0,13,,38.9,,33,400,61.4,0,28.6,32.8,No VAT refund per case study scenario,No VAT refund per case study scenario,43,23,12.8,,47.8,,139,156,72,79,128,180,778,809,,,,,,,,53.9,,,311,21,140,150,45,20,15,10,5,2.5,0,0,2.5,,38.6,0,3.8,10,19.4,9,2,5.5,0.5,1
Guinea-Bissau,DB2019,43.2,,75.2,8,8,91,9,9,91,6,,45.2,,13,143,24.6,7,1.5,1,0,2,0.5,2,,29.6,,7,257,1219.8,0,0,0,0,0,0,0,..,..,N/A,24.9,,54.5,,5,48,5.4,3,0,1,0,3,-1,,30,,,,,6,0,6,0.2,0.5,,44,,7,1,,,6,4,2,2,22,,55.2,,46,218,45.5,15.1,24.8,5.6,No VAT refund per case study scenario,No VAT refund per case study scenario,7,2,46.3,,59.6,,60,36,118,84,160,205,585,550,,,,,,,,38.6,,,1785,90,1095,600,28,15,12,1,8.5,4.5,1.5,0,2.5,,0,0,No Practice,No Practice,0,0,2,5.5,0.5,1
Guyana,DB2019,55.6,,85.6,7,18,9.4,7,18,9.4,0,,52.5,,18,208,2.5,4,1,0,1,2,0,0,,45.9,,8,82,421,0,0,1,0,1,1,1,145,133,5,30,,55.7,,7,46,4.6,7.5,1,3,0,3.5,0,,55,,,,,3,8,11,0,60.5,,56,,5,5,,,8,4,2,4,28,,65.7,,35,256,30.6,19.6,9.2,1.7,20,34,31,10,54.2,,59.3,,200,156,72,84,78,63,378,265,,,,,,,,57.9,,,581,21,240,320,27,24,2,1,7.5,4,1.5,0,2,,22.4,0,3,28.5,18.4,4,2,2,0,0
Haiti,DB2019,37.9,,33.8,12,97,200.3,12,97,200.3,12.4,,44.2,,14,97,23.6,5,1,1,1,2,0,0,,56.3,,4,60,3242.8,0,0,0,0,0,0,1,..,..,N/A,22.7,,30.3,,6,319,6.8,2.5,0,0,0,3.5,-1,,10,,,,,2,0,2,3.5,0,,18,,2,3,,,4,0,0,0,9,,57.6,,47,184,42.7,22.8,12.4,7.5,No VAT refund per case study scenario,No VAT refund per case study scenario,6,0,48.2,,76.9,,22,28,28,83,48,150,368,563,,,,,,,,51.6,,,530,30,320,180,42.6,20,12.6,10,6.5,4,0.5,0,2,,0,0,No Practice,No Practice,0,0,2,0,0,1
Honduras,DB2019,56,,70,11,42,39.1,11,42,39.1,0,,55.8,,17,132,11.6,9,1,1,1,3,1,2,,59.9,,7,39,779.5,2,0,1,0,0,0,1,42.4,30.5,3,17.2,,62.2,,6,29,5.7,12.5,4,2.5,0,6,0,,80,,,,,8,8,16,21.2,47.4,,42,,3,8,,,6,3,1,0,21,,49.3,,59,203,40.8,31.2,8.4,1.1,33,55,17,21,35.1,,64.3,,48,72,108,96,80,70,601,483,,,,,,,,44.2,,,920,60,680,180,38.8,25,5.7,8.1,7.5,3,2,0,2.5,,32.1,0,3.8,14.5,19,7,2,4,0,1
"Hong Kong SAR, China",DB2019,85.1,,98.1,2,1.5,1.1,2,1.5,1.1,0,,91.2,,10,72,0.4,15,2,1,3,3,2,4,,99.3,,3,24,1.3,8,3,1,1,1,1,1,0.3,0.2,1,15.4,,73.6,,5,27.5,7.7,27.5,8,6,8,5.5,0,,75,,,,,8,7,15,0,100,,84,,10,8,,,9,5,5,5,42,,99.7,,3,35,22.9,17.5,5.3,0.1,No VAT,No VAT,3,0,98.9,,95,,1,1,1,19,12,57,0,266,,,,,,,,69.1,,,385,30,310,45,23.6,19.5,3.1,1,10,4.5,2,1,2.5,,65.7,1,0.8,5,87.2,6,2,3,0,1
Hungary,DB2019,73.2,,87.9,6,7,4.9,6,7,4.9,40.1,,66.9,,22,192.5,0.6,13,2,1,2,3,1,4,,63.3,,5,257,82.6,7,2,1,1,1,1,1,2.8,1.3,3,17.6,,80.1,,4,17.5,5,26,8,3.5,8,6.5,0,,75,,,,,9,6,15,0,91.2,,54,,2,4,,,7,4,5,5,27,,79.2,,11,277,40.3,9.1,29,2.1,15,15,4,0,85.6,,100,,1,1,0,0,0,0,0,0,,,,,,,,71,,,605,60,365,180,15,5,8,2,12.5,3,4,2.5,3,,55,0,2,14.5,44.2,10,2.5,5,0.5,2
Iceland,DB2019,79,,90.7,5,11.5,1.7,5,11.5,1.7,6.7,,71.6,,17,84,0.4,8,2,1,2,3,0,0,,92.2,,4,22,9.3,7,3,1,1,1,0,1,0.5,0.4,0,10,,86.6,,3,3.5,3.6,26.5,7,4,8,7.5,0,,55,,,,,4,7,11,0,100,,72,,7,5,,,8,5,5,6,36,,84.2,,21,140,30.6,8.8,18.9,2.9,3,25,4,0,87.2,,86.7,,2,3,36,24,40,0,365,365,,,,,,,,69.1,,,417,45,292,80,9,5.9,2.1,1,7.5,1.5,2,2,2,,81.9,1,1,3.5,85.3,11.5,2.5,6,1,2
India,DB2019,67.5,,81,10,16.5,14.4,10,16.5,14.4,0,,72.1,,18,108,5.7,14,2,1,2.5,3,2,3.5,,89.2,,3,55,29.5,6,1,1,1,1,1,1,4,2.5,5,17,,47.9,,9,61,7.3,10.8,4,3.4,0,3.5,0,,80,,,,,9,7,16,0,55.9,,80,,8,7,,,7,6,6,6,40,,65.4,,12,275,52.1,21.7,20.3,10.1,No VAT refund per case study scenario,No VAT refund per case study scenario,3,0,49.3,,77.5,,15,30,66,97,78,100,252,331,,,,,,,,41.2,,,1445,45,1095,305,31,22,8.5,0.5,10.5,4.5,1.5,2,2.5,,40.8,0,4.3,9,26.5,8.5,2,4.5,1,1
India - Delhi,DB2019,68.1,,81.3,10,16,12.2,10,16,12.2,0,,76.6,,15,116,4.2,14,2,1,3,3,2,3,,92.2,,3,31,46.4,6,1,1,1,1,1,1,6.9,3.5,5,14.9,,45.8,,9,49,8.1,8,2,2.5,0,3.5,0,,80,,,,,9,7,16,0,55.9,,80,,8,7,,,7,6,6,6,40,,65.8,,11,274,52.1,21.7,20.3,10.1,No VAT refund per case study scenario,No VAT refund per case study scenario,3,0,49.3,,77.7,,6,25,77,92,80,100,253,323,,,,,,,,41.2,,,1445,45,1095,305,31,22,8.5,0.5,10.5,4.5,1.5,2,2.5,,40.8,0,4.3,9,26.5,8.5,2,4.5,1,1
India - Mumbai,DB2019,66.8,,80.5,10,17,16.8,10,17,16.8,0,,67,,22,99,7.3,14,2,1,2,3,2,4,,85.7,,4,82,10.4,7,2,1,1,1,1,1,0.8,1.4,5,19.4,,50.3,,9,75,6.5,14,6,4.5,0,3.5,0,,80,,,,,9,7,16,0,55.9,,80,,8,7,,,7,6,6,6,40,,64.8,,13,278,52.2,21.7,20.3,10.1,No VAT refund per case study scenario,No VAT refund per case study scenario,3,0,49.3,,77.2,,24,35,54,102,75,100,250,340,,,,,,,,41.2,,,1445,45,1095,305,31,22,8.5,0.5,10.5,4.5,1.5,2,2.5,,40.8,0,4.3,9,26.5,8.5,2,4.5,1,1
Indonesia,DB2019,68.2,,79.4,11,21,6.1,11,21,6.1,0,,65.9,,18,200,5.2,13.8,1.8,1,2,3,2,4,,86.4,,4,34,252.8,6,2,1,1,1,1,0,4,3,5,10.7,,60.1,,6,31,8.3,15.5,5,3,0,7.5,0,,70,,,,,6,8,14,58.2,38.1,,70,,10,5,,,2,5,6,7,35,,68.4,,42,208,30.1,18.1,11.6,0.4,18,48,3,0,68.8,,66.5,,61,106,63,99,139,164,254,383,,,,,,,,47.2,,,403,60,143,200,70.3,46.7,11.7,11.9,7.9,3,1.8,0.6,2.5,,67.9,1,1.1,21.6,65.2,10.5,3,5,0.5,2
Indonesia - Jakarta,DB2019,68.4,,79.4,11,21,6.1,11,21,6.1,0,,66.5,,18,191,5.6,14,2,1,2,3,2,4,,87.1,,4,34,252.8,6,2,1,1,1,1,0,3.7,3,5,10.7,,60.2,,6,28,8.4,15.5,5,3,0,7.5,0,,70,,,,,6,8,14,58.2,38.1,,70,,10,5,,,2,5,6,7,35,,68.4,,42,208,30.1,18.1,11.6,0.4,18,48,3,0,68.8,,68.3,,60,106,57,80,130,160,250,384,,,,,,,,46.4,,,390,60,150,180,74,50,13,11,8,3,2,0.5,2.5,,67.7,1,1.1,22,64.8,10.5,3,5,0.5,2
Indonesia - Surabaya,DB2019,67.4,,79.4,11,21,6.1,11,21,6.1,0,,63.9,,18,232.5,3.9,13,1,1,2,3,2,4,,83.9,,4,34,252.8,5,1,1,1,1,1,0,4.9,3.1,5,10.9,,59.6,,6,40,8,15.5,5,3,0,7.5,0,,70,,,,,6,8,14,58.2,38.1,,70,,10,5,,,2,5,6,7,35,,68.4,,42,208,30.1,18.1,11.6,0.4,18,48,3,0,68.8,,60.3,,66,107,81,168,170,180,267,376,,,,,,,,50.2,,,450,60,120,270,57,35,7,15,7.5,3,1,1,2.5,,68.6,1,1.1,20,66.6,10.5,3,5,0.5,2
"Iran, Islamic Rep.",DB2019,58.6,,67.8,10,72,1.2,11,73,1.2,0,,70.8,,16,130,6.6,13.5,2,1,2,3,1.5,4,,69.3,,6,77,775,5,1,1,1,1,0,1,5.1,4.8,2,5.3,,69,,6,31,3.2,16,6,1,4,5,0,,50,,,,,2,8,10,57.5,58.3,,40,,7,4,,,1,3,3,2,20,,59.5,,20,216,44.7,18.4,25.9,0.4,51,39,32,39,19,,66.2,,33,40,101,141,60,90,415,660,,,,,,,,58.2,,,505,30,295,180,19.3,10,4.3,5,5,0.5,1,1,2.5,,35.6,0,1.5,15,37.1,5,2,2,0,1
Iraq,DB2019,44.7,,76.5,8,26,38.8,9,27,38.8,16.6,,67.6,,11,167,0.3,5.5,1,1,0,2,0.5,1,,61.7,,5,51,436.8,0,0,1,1,0,0,0,..,..,30,9.5,,57.7,,5,51,7,10.5,1,0.5,4,5,0,,0,,,,,0,0,0,1.1,0,,46,,4,5,,,5,5,3,1,23,,63.5,,15,312,30.8,15,13.5,2.3,No VAT,No VAT,83,18,21.4,,25.3,,504,176,85,131,1800,500,1118,644,,,,,,,,48,,,520,60,360,100,28.1,22.5,2.3,3.3,1.5,0,0,0,1.5,,0,0,No Practice,No Practice,0,0,2,4,0,1
Ireland,DB2019,79.6,,94.4,3,11,0.1,3,11,0.1,0,,76.7,,10,164,4,13,2,1,3,3,0,4,,84.2,,5,85,59.2,8,3,1,1,1,1,1,0.3,0.2,3,19.7,,71.7,,5,31.5,6.5,23.5,8,4.5,4,7,0,,70,,,,,7,7,14,90.3,100,,80,,9,8,,,9,5,3,6,40,,94.6,,9,81,26,12.4,12.2,1.4,0,16,2,0,93.4,,87.2,,1,1,24,24,75,75,305,253,,,,,,,,57.9,,,650,60,500,90,26.9,18.8,2.3,5.8,8.5,4.5,1,0.5,2.5,,79.1,1,0.4,9,86,10.5,3,5,1.5,1
Israel,DB2019,75,,92.6,4,11,2.8,4,11,2.8,0,,76.6,,12,200,1.8,14,2,1,2,3,2,4,,76.2,,5,102,13.9,6,2,1,1,1,1,0,1.2,1.5,1,11.9,,66.7,,6,37,7.2,22,8,4,4,6,0,,65,,,,,6,7,13,0,70.3,,78,,7,9,,,9,4,4,6,39,,80.2,,28,239,26.2,18.8,5.8,1.5,4,8,10,0,92,,82.8,,13,44,36,64,73,70,150,307,,,,,,,,58.9,,,975,15,600,360,25.3,18,3.7,3.6,13.5,3,4.5,3,3,,72.7,1,2,23,62.5,12.5,3,5.5,2,2
Italy,DB2019,73,,86.8,7,11,14.1,7,11,14.1,0,,68.2,,14,189.5,3.5,11,2,0,2,3,2,2,,86,,4,75,151.8,7,2,1,1,1,1,1,0.5,1.5,3,19.3,,81.7,,4,16,4.4,26.5,8,4.5,8,6,0,,45,,,,,2,7,9,30.5,100,,66,,7,4,,,6,5,4,7,33,,66.3,,14,238,53.1,16.8,34.8,1.6,42,63,5,0,52.4,,100,,1,1,0,0,0,0,0,0,,,,,,,,53.1,,,1120,10,840,270,27.6,19,3.9,4.7,13,3,4,3,3,,77.3,1,1.8,22,65.2,13.5,3,5.5,3,2
Jamaica,DB2019,68.3,,97.3,2,3,4.4,2,3,4.4,0,,71.8,,18,140.5,1.6,12,2,1,2,2,1,4,,65,,7,95,203.9,5,0,1,1,1,1,1,46.2,19.5,5,22.3,,53.6,,8,19,9.8,14,5,5.5,0,3.5,0,,85,,,,,9,8,17,0,27.7,,62,,4,8,,,5,5,4,5,31,,64.8,,11,272,35.1,13.6,13.4,8.1,40,90,24,113,19.7,,61.5,,47,56,58,80,90,90,876,906,,,,,,,,51.9,,,550,30,450,70,50.2,35,10.2,5,8.5,4.5,1,0.5,2.5,,69.8,1,1.1,18,65.9,11,2.5,4.5,1,3
Japan,DB2019,78,,86.1,8,11,7.5,8,11,7.5,0,,83.1,,12,108,0.5,13,2,1,2,3,1,4,,93.2,,2,81,0,8,3,1,1,1,1,1,0,0,1,18.6,,75.6,,6,13,5.3,25.5,8,4,8,5.5,0,,55,,,,,5,6,11,0,100,,64,,7,6,,,8,4,2,5,32,,81.6,,19,129,46.7,24,18.6,4.2,1,11,3,0,95.2,,86.3,,2,3,23,40,54,107,272,315,,,,,,,,65.3,,,360,20,280,60,23.4,18.5,4.5,0.4,7.5,3,1,1,2.5,,90.3,1,0.6,4.2,92.4,13,3,6,3,1
Japan - Osaka,DB2019,78.5,,86.3,8,10.5,7.5,8,10.5,7.5,0,,83,,12,109,0.5,13,2,1,2,3,1,4,,97.8,,3,38,0,8,3,1,1,1,1,1,0,0,1,16,,75.6,,6,13,5.3,25.5,8,4,8,5.5,0,,55,,,,,5,6,11,0,100,,64,,7,6,,,8,4,2,5,32,,81.6,,19,129,46.9,24,18.7,4.2,1,11,3,0,95.2,,85.8,,1,4,20,24,54,107,331,389,,,,,,,,65.3,,,360,20,280,60,23.4,18.5,4.5,0.4,7.5,3,1,1,2.5,,90.6,1,0.6,3.5,93,13,3,6,3,1
Japan - Tokyo,DB2019,77.8,,86,8,11.5,7.5,8,11.5,7.5,0,,83.1,,12,108,0.5,13,2,1,2,3,1,4,,90.7,,2,104,0,8,3,1,1,1,1,1,0,0,1,20,,75.6,,6,13,5.3,25.5,8,4,8,5.5,0,,55,,,,,5,6,11,0,100,,64,,7,6,,,8,4,2,5,32,,81.6,,19,129,46.7,23.9,18.6,4.2,1,11,3,0,95.2,,86.5,,3,3,24,48,54,107,241,275,,,,,,,,65.3,,,360,20,280,60,23.4,18.5,4.5,0.4,7.5,3,1,1,2.5,,90.2,1,0.6,4.5,92.1,13,3,6,3,1
Jordan,DB2019,61.3,,84.4,7,12,23.9,8,13,23.9,0.1,,59.9,,20,66,12.5,11,2,1,2,3,1,2,,80.5,,5,55,293.6,6,2,1,1,1,0,1,2.4,1.6,0,23.9,,66.4,,6,17,9,22.5,7,3.5,6,6,0,,35,,,,,0,7,7,4.8,19.9,,50,,4,4,,,3,2,6,6,25,,71.7,,23,127,28.6,10.5,16.1,2,22,53,11,63,35.7,,79,,6,55,53,79,100,190,131,206,,,,,,,,55.6,,,642,37,415,190,31.2,8,8.2,15,8,2,2,1,3,,30.3,0,3,20,27.3,5,2,2,0,1
Kazakhstan,DB2019,78,,93,5,5,0.3,5,5,0.3,0,,74.3,,18,117.5,2.2,13,2,1,2,3,1,4,,81.6,,6,71,39.3,8,3,1,1,1,1,1,0.8,1,1,5,,85,,3,3.5,0.1,17.5,6,3.5,0,8,0,,65,,,,,6,7,13,0,59.3,,84,,9,6,,,9,6,6,6,42,,78,,10,182,29.4,16.2,11.3,1.9,No VAT refund per case study scenario,No VAT refund per case study scenario,4,0,48.9,,70.4,,128,6,105,2,200,0,470,0,,,,,,,,81.3,,,370,15,135,220,22,8.5,3.5,10,16,5,5,3,3,,67.8,0,1.5,15,38.9,15,3,6,2,4
Kenya,DB2019,71,,82.4,7,23,24.9,7,23,24.9,0,,63.5,,16,159,4.7,9,1,1,1,2,0,4,,76.8,,3,97,685.9,4,0,1,1,1,0,1,60.1,13.3,1,21.5,,55.1,,9,49,6,15,7,3,0,5,0,,90,,,,,10,8,18,0,29.9,,90,,10,10,,,9,5,6,5,45,,68.2,,35,180,37.2,30.1,1.9,5.2,No VAT,No VAT,21,13,62,,68.1,,19,60,16,180,191,115,143,833,,,,,,,,58.3,,,465,40,365,60,41.8,27.5,11.6,2.7,9,4.5,2,0.5,2,,57.4,1,4.5,22,31.2,13,3,4,3,3
Kiribati,DB2019,46.8,,78.2,7,31,36.1,7,31,36.1,12.9,,51.4,,16,185,8.9,6,1.5,1,1,2,0.5,0,,44,,6,97,3196.1,0,0,0,0,0,1,0,..,..,N/A,39.4,,49.1,,5,513,0,9,2,0,2,6,-1,,20,,,,,4,0,4,0,0,,38,,6,5,,,8,0,0,0,19,,71.4,,11,168,32.7,24.3,8.5,0,88,35,81,10,26.7,,62.1,,24,48,72,96,310,120,420,685,,,,,,,,53.4,,,660,20,100,540,25.8,24.3,1.5,0,6,3,1,0.5,1.5,,0,0,No Practice,No Practice,0,0,2,0,0,2
"Korea, Rep.",DB2019,84,,93.4,3,8,14.6,3,8,14.6,0,,84.4,,10,27.5,4.4,12,2,0,2,3,1,4,,99.9,,3,13,35.2,8,3,1,1,1,1,1,0.1,0,5,8.5,,76.3,,7,5.5,5.1,27.5,8,4.5,8,7,0,,65,,,,,5,8,13,65.7,100,,74,,8,6,,,8,4,5,6,37,,86.9,,12,188,33.1,18.2,13.5,1.4,0,9,9,0,93.9,,92.5,,1,1,13,6,11,27,185,315,,,,,,,,84.1,,,290,20,150,120,12.7,9,3,0.7,14.5,3.5,4,4,3,,83,1,1.5,3.5,84.6,12,2.5,5.5,3,1
Kosovo,DB2019,71,,95.7,3,5.5,1,3,5.5,1,0,,52.9,,20,239,5.4,9,2,1,2,3,1,0,,64.4,,7,36,423,3,0,0,0,1,1,1,13.9,8.9,0,12.1,,77.5,,6,32,0.3,20.5,7,1.5,8,4,0,,85,,,,,11,6,17,41.3,0,,32,,6,6,,,4,0,0,0,16,,81.9,,10,154,15.2,9.3,5.6,0.2,27,30,22,12,55.5,,93.8,,5,6,8,6,50,42,105,128,,,,,,,,63.8,,,330,60,180,90,34.4,25.2,7.8,1.4,8.5,4.5,2.5,0,1.5,,63.4,0,2,15,39.4,13.5,2.5,6,3,2
Kuwait,DB2019,62.6,,81.4,7,35,2,8,36,2,0,,61.4,,22,194,6.3,14,2,1,2,3,2,4,,71.8,,7,65,63.8,6,3,1,1,0,0,1,0.1,0.5,5,0.8,,68.4,,9,35,0.5,18,3,2,8,5,0,,35,,,,,1,6,7,15.5,30.7,,64,,5,9,,,4,2,6,6,32,,92.5,,12,98,13,0,13,0,No VAT,No VAT,No corporate income tax,No corporate income tax, ,,50.5,,72,96,96,90,227,332,698,634,,,,,,,,61.4,,,566,26,420,120,18.6,15,2.6,1,7.5,4,1,0,2.5,,39.3,0,4.2,10,32.4,7,2,4,0,1
Kyrgyz Republic,DB2019,65.4,,93,4,10,1.9,4,10,1.9,0,,68.9,,17,167,1.8,11,2,1,2,3,0,3,,55.4,,7,111,717.7,3,0,0,0,1,1,1,40.1,8.4,N/A,2.9,,90.3,,3,3.5,0.2,24,6,3.5,8,6.5,0,,80,,,,,9,7,16,0,37.9,,40,,7,5,,,8,0,0,0,20,,51.5,,63,225,29,6.4,19.5,3.1,No VAT refund per case study scenario,No VAT refund per case study scenario,20,5,37.4,,74.7,,72,84,5,69,110,200,10,499,,,,,,,,50.4,,,410,20,240,150,47,22,15,10,5,2.5,1,0,1.5,,49.9,0,1.5,9.5,40.4,9,3,3,2,1
Lao PDR,DB2019,49.8,,60.9,10,174,6.6,10,174,6.6,0,,67.9,,12,92,4.9,6.5,0,1,2,3,0.5,0,,49.6,,7,105,763.4,1,0,0,0,0,0,1,4.8,25.1,1,12.9,,64.9,,6,28,3.1,10.5,2,0.5,4,4,0,,60,,,,,6,6,12,14.5,0,,20,,6,1,,,3,0,0,0,10,,54.2,,35,362,24.1,16.4,6.8,0.9,No VAT refund per case study scenario,No VAT refund per case study scenario,16,32,18.6,,78.1,,60,60,9,11,235,115,140,224,,,,,,,,42,,,828,119,344,365,31.6,27.9,1.4,2.3,3.5,1,0,0,2.5,,0,0,No Practice,No Practice,0,0,2,2,0.5,0
Latvia,DB2019,80.3,,94.1,4,5.5,1.7,4,5.5,1.7,0,,73.5,,14,192,0.5,12,2,1,2,3,0,4,,82.2,,4,107,258.9,7,3,1,1,1,0,1,1,0.5,3,9.9,,82.3,,4,16.5,2,22.5,8,4.5,4,6,0,,85,,,,,9,8,17,93.3,44.6,,68,,5,4,,,9,5,5,6,34,,89.7,,7,169,36,6.4,26.6,3,0,6,3,0,98.1,,95.3,,2,1,24,0,35,0,150,0,,,,,,,,73.5,,,469,49,300,120,23.1,14.3,6.4,2.4,13.5,3,5.5,2,3,,59.6,0,1.5,10,41.1,12,2.5,5,2.5,2
Lebanon,DB2019,54.4,,78.6,8,15,40,8,15,40,38.9,,54.2,,22,276,7.3,14,2,1,2,3,2,4,,62.7,,4,89,119.4,0,0,0,0,0,0,1,..,..,N/A,13.2,,59.4,,8,37,6,16,4,3,4,5,0,,40,,,,,2,6,8,23.6,0,,44,,9,1,,,5,3,1,3,22,,67.9,,20,181,31.1,6.2,24.5,0.4,47,44,23,25,27.5,,57.9,,48,72,96,180,100,135,480,790,,,,,,,,49.8,,,721,15,556,150,30.8,24.8,3,3,6,4,0.5,0,1.5,,29.5,0,3,15,31.7,4,2,2,0,0
Lesotho,DB2019,58.7,,83.1,7,29,7.1,7,29,7.1,0,,51.7,,10,183,12.2,5,1,1,0,2,0,1,,52.4,,5,114,1247.1,0,0,1,1,1,0,1,..,..,N/A,13.9,,57.7,,4,43,8.3,9.5,3,3,0,3.5,0,,55,,,,,5,6,11,0,11.3,,32,,3,4,,,9,0,0,0,16,,68.9,,32,327,13.6,10.8,0,2.8,12,42,11,6,66.9,,91.9,,1,1,4,5,90,90,150,150,,,,,,,,57.2,,,615,45,300,270,31.3,25,3.6,2.7,8.5,4.5,1,0.5,2.5,,36.9,0,2.6,20,27.9,7,3,3,0,1
Liberia,DB2019,43.5,,88.1,5,18,12.6,5,18,12.6,0,,28.9,,25,87,38.1,2,0,1,0,0,0,1,,35.1,,4,482,3491.7,0,0,0,0,0,0,0,..,..,N/A,39,,31.1,,10,44,13.8,3.5,0,1,0,2.5,0,,50,,,,,10,0,10,1.8,0,,22,,4,1,,,6,0,0,0,11,,76.7,,33,140,45.5,35.4,5.4,4.8,No VAT,No VAT,3,0,98.6,,27.8,,144,144,193,217,155,230,1113,1013,,,,,,,,35.2,,,1300,30,730,540,35,25.1,6.9,3,7.5,4,2,0,1.5,,40.5,0,3,30,17.2,10,2.5,6,0.5,1
Libya,DB2019,32.7,,73.6,10,35,23,10,35,23,26.6,,0,,No Practice,No Practice,No Practice,No Practice,No Practice,No Practice,No Practice,No Practice,No Practice,No Practice,,59.1,,4,118,270.8,0,0,1,1,0,0,0,..,..,N/A,11.6,,0,,No Practice,No Practice,No Practice,No Practice,No Practice,No Practice,No Practice,No Practice,No Practice,,0,,,,,0,0,0,0.6,0,,18,,4,1,,,4,0,0,0,9,,63.6,,19,889,32.6,22.1,10.3,0.2,No VAT,No VAT,12,0,90.2,,64.7,,72,96,72,79,50,60,575,637,,,,,,,,48.4,,,690,60,415,215,27,16,6,5,4,2,0,0,2,,0,0,No Practice,No Practice,0,0,2,4,0,1
Liechtenstein*,DB2019,64.9,,73,10,46,2.2,10,46,2.2,32.2,,83.5,,8,138,0.3,12,1,1,2,3,1,4,,96.3,,3,52,7.7,8,3,1,1,1,1,1,0.1,0,0,9.3,,74.6,,8,17,1.1,21.5,5,3.5,8,5,0,,15,,,,,3,0,3,0,0,,30,,2,8,,,5,0,0,0,15,,79,,34,49,21.6,6.4,15.2,0,9,28,12,15,67.6,,96.1,,2,2,1,1,27,27,115,115,,,,,,,,59.8,,,640,50,365,225,12.7,9.8,2.3,0.6,6.5,1.5,1.5,1,2.5,,41.3,0,1.5,12.7,47.7,5,2,2,0,1
Lithuania,DB2019,81,,93.2,4,5.5,0.5,4,5.5,0.5,17.5,,84.9,,13,74,0.3,13,2,1,2,3,1,4,,88.4,,4,85,38,8,3,1,1,1,1,1,0.4,0.2,3,8.3,,93,,3,3.5,0.8,28.5,8,4.5,8,8,0,,70,,,,,6,8,14,51.6,96.8,,68,,7,4,,,7,4,5,7,34,,88.7,,10,99,42.6,5.9,35.2,1.5,2,6,2,0,97.5,,97.8,,3,1,7,0,28,0,58,0,,,,,,,,78.8,,,370,40,240,90,23.6,8.6,6,9,15,3.5,4.5,4,3,,46.9,0,2.3,15,40.6,8,2.5,4,0.5,1
Luxembourg,DB2019,69.6,,88.7,5,16.5,1.7,5,16.5,1.7,18.5,,83.8,,11,155,0.7,15,2,1,3,3,2,4,,84.3,,5,56,35.3,7,3,1,1,1,0,1,0.4,0.3,0.1,10.6,,63.8,,7,26.5,10.1,25.5,8,3.5,8,6,0,,15,,,,,3,0,3,0,0,,54,,6,5,,,4,4,2,6,27,,87.4,,23,55,20.5,4.2,15.6,0.8,12,15,5,4,83.8,,100,,1,1,0,0,0,0,0,0,,,,,,,,73.3,,,321,21,240,60,9.7,8.7,0.1,0.9,8.5,4.5,1,0.5,2.5,,45.5,0,2,14.5,43.8,7,2.5,3,0.5,1
Madagascar,DB2019,47,,88.1,5,8,33,5,8,33,0,,35.9,,17,194,39.2,6,2,1,0,2,1,0,,21.8,,6,450,5099.9,0,0,0,0,0,0,1,..,..,N/A,15.7,,44.3,,6,100,9.1,8,1,4,0,3,0,,40,,,,,2,6,8,6.3,0,,36,,7,6,,,5,0,0,0,18,,62.6,,23,183,38.3,16.6,20.3,1.5,No VAT refund per case study scenario,No VAT refund per case study scenario,14,29,21.8,,61,,49,58,70,99,117,150,868,595,,,,,,,,46.5,,,871,21,700,150,33.6,11,7,15.6,7,3.5,1,0,2.5,,34.2,0,3,8.5,11.4,9,2,5.5,0.5,1
Malawi,DB2019,60.4,,77.2,7,37,38.6,7,37,38.6,0,,61.2,,13,153,10,9.5,0,1,1,3,0.5,4,,44.4,,6,127,2026.3,0,0,1,1,1,0,1,..,..,N/A,11.5,,64.8,,6,47,1.8,10.5,0,1.5,4,5,0,,90,,,,,11,7,18,0,30,,58,,4,7,,,7,5,2,4,29,,62,,35,177,34.5,20.4,12.4,1.7,33,44,21,28,33.2,,65.3,,75,55,78,55,342,162,243,144,,,,,,,,47.4,,,522,42,360,120,69.1,50,5.3,13.8,9.5,4.5,2,1.5,1.5,,33.3,0,2.6,25,12.5,8.5,3,4,0.5,1
Malaysia,DB2019,81.3,,82.8,9,13,11.6,10,14,11.6,0,,88.8,,10,42,1.4,13,2,1,2,3,1,4,,99.3,,3,24,26,8,3,1,1,1,1,1,0.7,0.6,1,11.6,,79.5,,6,11.5,3.5,26.5,7,4.5,8,7,0,,75,,,,,7,8,15,63.3,86.6,,88,,10,9,,,8,5,6,6,44,,76.1,,8,188,39.2,21.8,16.4,1,22,18,11,34,52.6,,88.5,,10,7,28,36,35,60,213,213,,,,,,,,68.2,,,425,35,270,120,37.9,30,1.7,6.2,13,4,4,2.5,2.5,,67.2,1,1,10,81.3,7.5,3,2,0.5,2
Maldives,DB2019,53.3,,89.2,6,12,4,6,12,4,1.3,,73,,10,140,0.4,7,2,1,2,0,0,2,,55.6,,6,75,228.1,0,0,0,0,0,0,1,211.8,11.5,5,44.9,,40,,6,57,15.7,8.5,0,0,4,4.5,0,,35,,,,,2,5,7,23.6,0,,32,,0,8,,,8,0,0,0,16,,66.4,,17,391,30.2,13.1,7.9,9.2,No VAT refund per case study scenario,No VAT refund per case study scenario,7,0,47.5,,55.9,,48,61,42,100,300,180,596,981,,,,,,,,52.5,,,760,30,260,470,18.5,16.4,2.1,0,5.5,2.5,0,1,2,,33.5,0,1.5,4,50.6,2,2,0,0,0
Mali,DB2019,53.1,,84,5,11,56.8,5,11,56.8,5.3,,61.1,,14,124,9.6,8.5,1,1,0,2,1.5,3,,51.6,,4,120,2650.5,0,0,0,0,1,0,0,..,..,0,13.6,,51.5,,5,29,11.1,8,2,1.5,0,4.5,0,,30,,,,,6,0,6,0.1,1.6,,42,,7,1,,,5,4,2,2,21,,51.5,,35,270,48.3,10.1,34.3,3.9,No VAT refund per case study scenario,No VAT refund per case study scenario,7,28,25.7,,73.3,,48,77,48,98,33,90,242,545,,,,,,,,42.8,,,620,15,240,365,52,30,15,7,5,2.5,0,0,2.5,,43.5,0,3.6,18,28.5,9,2,5.5,0.5,1
Malta,DB2019,65.5,,84.9,8,16,7.1,8,16,7.1,1,,73.4,,16,179,2.4,14,2,1,2,3,2,4,,76.3,,4,105,213.8,5,1,1,1,1,0,1,7.4,3.4,0,17,,48.7,,7,15,13.5,12.5,6,3.5,0,3,0,,35,,,,,2,5,7,54.7,0,,66,,3,6,,,8,6,4,6,33,,76.2,,8,139,44,32.3,11.1,0.5,0,28,25,46,52.5,,88.9,,24,1,24,2,25,0,370,230,,,,,,,,67.6,,,505,15,365,125,21.5,15,5.2,1.3,10.5,3,4,1,2.5,,38.1,0,3,10,38.8,5.5,2.5,2,0,1
Marshall Islands,DB2019,50.9,,88.4,5,17,12.2,5,17,12.2,0,,71.2,,7,38,2.1,1,1,0,0,0,0,0,,59.5,,5,67,606.2,0,0,0,0,0,0,1,..,..,30,39.1,,0,,No Practice,No Practice,No Practice,No Practice,No Practice,No Practice,No Practice,No Practice,No Practice,,50,,,,,10,0,10,0,0,,20,,2,0,,,8,0,0,0,10,,76.2,,9,56,65.7,0,12.8,53,No VAT,No VAT,No corporate income tax,No corporate income tax, ,,78.9,,24,60,60,84,20,43,298,298,,,,,,,,55.9,,,616,51,200,365,32.1,26.2,5,0.9,8,3,2,0.5,2.5,,9.2,0,2,38,17.1,0,0,0,0,0
Mauritania,DB2019,49.4,,92.2,4,6,16.2,4,6,16.2,0,,66.7,,14,104,4.9,7.5,2,1,0,2,0.5,2,,48.2,,5,67,4255.5,0,0,0,0,1,0,1,..,..,5,17.7,,61.3,,4,49,4.5,7,2,2,0,4,-1,,30,,,,,2,4,6,7.8,0,,32,,6,3,,,7,0,0,0,16,,42.6,,33,270,67,0,10.3,56.7,No VAT refund per case study scenario,No VAT refund per case study scenario,19,36,17.2,,60.3,,51,64,62,69,92,400,749,580,,,,,,,,60.4,,,370,40,190,140,23.2,17.9,2.3,3,5,2,0,1,2,,0,0,No Practice,No Practice,0,0,2,4,0,0
Mauritius,DB2019,80.3,,94.3,4,5,0.9,4,5,0.9,0,,82.5,,15,98,0.5,14,2,1,2,3,2,4,,87.9,,3,67,163.3,6,2,1,1,0,1,1,1.6,0.7,3,19.6,,81.7,,5,17,0.6,21.5,7,5.5,4,5,0,,65,,,,,6,7,13,100,0,,78,,7,8,,,9,5,5,5,39,,93.5,,8,152,22.1,10.3,8.1,3.7,2,4,3,0,98.3,,81,,9,9,24,41,128,166,303,372,,,,,,,,70.4,,,490,15,325,150,25,22,2,1,12.5,5,2,3,2.5,,69.1,1,1.7,14.5,67.4,10.5,3,4,0.5,3
Mexico,DB2019,72.3,,85.9,8,8,16.2,8,8,16.2,0,,68.2,,15,82,10,11.7,2,1,2,2.2,1.2,3.3,,71.1,,7,100,290.4,7,3,1,1,1,0,1,0.6,0.8,5,11.5,,60.4,,8,39,5.8,16.3,5,3.9,2,5,0,,90,,,,,10,8,18,0,100,,62,,8,5,,,5,5,5,3,31,,65.6,,6,241,55.7,27.9,26.9,0.9,21,42,14,87,40.5,,82.1,,8,18,20,44,60,100,400,450,,,,,,,,67,,,341,37,124,179,33,22.1,5,5.8,10.1,3.8,3.3,0.5,2.5,,70.8,1,1.8,18,64.7,11.5,2.5,5.5,1.5,2
Mexico - Mexico City,DB2019,71.6,,85.5,8,8.5,17.4,8,8.5,17.4,0,,67.1,,15,76,11.5,12,2,1,2,2,1,4,,69,,7,112,308.7,7,3,1,1,1,0,1,0.6,0.9,5,11.5,,58.7,,8,42,6.1,16,5,4,2,5,0,,90,,,,,10,8,18,0,100,,62,,8,5,,,5,5,5,3,31,,65.6,,6,241,55.7,27.9,26.9,0.9,21,42,14,87,40.5,,82.1,,8,18,20,44,60,100,400,450,,,,,,,,65.5,,,350,42,125,183,33.5,22.5,5,6,9.5,3.5,3,0.5,2.5,,70.8,1,1.8,18,64.7,11.5,2.5,5.5,1.5,2
Mexico - Monterrey,DB2019,75.7,,88,7,8,10.6,7,8,10.6,0,,73.8,,13,112,2.9,10,2,1,2,3,2,0,,80.9,,6,44,201,7,3,1,1,1,0,1,0.4,0.5,5,11.8,,69,,6,23,4.5,17.5,5,3.5,4,5,0,,90,,,,,10,8,18,0,100,,62,,8,5,,,5,5,5,3,31,,65.6,,6,241,55.7,27.9,26.9,0.9,21,42,14,87,40.5,,82.1,,8,18,20,44,60,100,400,450,,,,,,,,74.6,,,295,15,120,160,30.4,20.4,5,5,13,5,5,0.5,2.5,,70.8,1,1.8,18,64.7,11.5,2.5,5.5,1.5,2
"Micronesia, Fed. Sts.",DB2019,48.1,,69.6,7,16,141.7,7,16,141.7,0,,61.1,,14,85,0.5,0,0,0,0,0,0,0,,64.5,,3,105,342.9,0,0,0,0,0,0,0,..,..,N/A,37.8,,0,,No Practice,No Practice,No Practice,No Practice,No Practice,No Practice,No Practice,No Practice,No Practice,,50,,,,,10,0,10,0,0,,16,,0,0,,,8,0,0,0,8,,68.8,,21,128,60.5,0,8.5,52.1,No VAT,No VAT,No corporate income tax,No corporate income tax, ,,84,,26,35,36,56,60,80,168,180,,,,,,,,29.4,,,885,120,365,400,66,65.2,0.8,0,4.5,1,1,0.5,2,,37.6,0,5.3,38,3.2,11.5,2.5,6,3,0
Moldova,DB2019,73.1,,95.6,3,4,5,3,4,5,0,,48.2,,29,310,1.8,12,1,1,2,3,1,4,,74.9,,6,87,647.1,7,2,1,1,1,1,1,1.3,1.5,3,8.8,,82.6,,5,5.5,1.1,22,8,4.5,4,5.5,0,,70,,,,,8,6,14,0,15.8,,68,,7,4,,,8,5,4,6,34,,84.7,,10,181,40.3,8.6,31.3,0.3,8,13,3,0,90.8,,92.3,,48,2,3,4,44,41,76,83,,,,,,,,60.9,,,585,60,420,105,28.6,10.6,6,12,9.5,2,3,2,2.5,,54.1,0,2.8,15,30.9,12,2.5,4,2.5,3
Mongolia,DB2019,67.7,,86.7,8,12,1.3,8,12,1.3,0,,78.2,,17,137,0.1,14,2,1,2,3,2,4,,54.9,,8,79,659.6,3,0,1,0,1,0,1,73,8,5,5.9,,74.1,,5,10.5,2.1,14.5,4,2.5,0,8,0,,80,,,,,9,7,16,50.3,0,,74,,6,8,,,8,2,6,7,37,,77.3,,19,134,24.7,10.3,12.4,2,No VAT refund per case study scenario,No VAT refund per case study scenario,4,0,49.1,,60.8,,168,115,134,48,64,83,225,210,,,,,,,,61.4,,,374,14,180,180,22.9,14.9,7.2,0.8,5.5,1.5,1,1,2,,29.4,0,4,15,16.9,6.5,2,4,0.5,0
Montenegro,DB2019,73.7,,86.7,8,12,1.3,8,12,1.3,0,,75.2,,8,107,6.1,10,1,1,2,3,1,2,,61.2,,7,131,156.1,5,0,1,1,1,1,1,30.2,36.3,3,13.3,,65.8,,6,69,3.2,17.5,7,3,4,3.5,0,,85,,,,,12,5,17,38.8,0,,62,,5,8,,,6,3,3,6,31,,76.7,,18,300,22.2,8.3,13.4,0.5,4,22,10,19,70.5,,91.9,,5,6,8,23,26,60,85,306,,,,,,,,66.8,,,545,60,365,120,25.7,11.3,6.9,7.5,11.5,5,3.5,1,2,,66,0,1.4,8,50,12.5,2.5,6,3,1
Morocco,DB2019,71.7,,93,4,9,3.7,4,9,3.7,0,,82.5,,13,53,3.4,13,2,1,2,3,2,3,,81.3,,5,44,1417.4,7,2,1,1,1,1,1,0.5,2.2,1,12.3,,66.6,,6,20.5,6.4,18,7,3,2,6,0,,45,,,,,2,7,9,0,29,,64,,9,2,,,7,5,4,5,32,,85.7,,6,155,49.8,25.1,23.3,1.4,No VAT,No VAT,3,0,98.6,,84.8,,26,26,11,65,67,116,156,228,,,,,,,,60.9,,,510,20,310,180,26.5,13.7,4.5,8.3,8,4.5,1,0,2.5,,52.8,0,3.5,18,28.5,12,3,5.5,1.5,2
Mozambique,DB2019,54.6,,67.6,10,17,120.5,10,17,120.5,0,,72.6,,11,118,6.5,11,1,1,2,3,0,4,,71,,4,40,3214.4,4,0,1,0,1,1,1,80,30,5,10.4,,52.9,,8,43,5.2,7.5,2,1.5,0,4,0,,25,,,,,1,4,5,7.3,0,,32,,5,4,,,7,0,0,0,16,,64,,37,200,36.1,30.8,4.5,0.8,28,37,28,10,50.2,,73.8,,36,16,66,9,160,60,602,399,,,,,,,,39.8,,,950,90,640,220,53.3,35,9.4,8.9,8.5,4,2,0,2.5,,46.9,0,1.5,20.5,29.1,10,2.5,4,1.5,2
Myanmar,DB2019,43.5,,77.3,12,14,24.8,12,14,24.8,0,,70.5,,15,93,3.7,9,1,1,2,3,0,2,,55.7,,6,77,1147,1,0,0,0,0,0,1,22,21.3,5,8.3,,52.8,,6,85,4.3,6.5,0,3,0,3.5,0,,10,,,,,2,0,2,0,0,,12,,3,0,,,3,0,0,0,6,,63.9,,31,282,31.2,26.8,0.3,4.2,No VAT refund per case study scenario,No VAT refund per case study scenario,10,1,45.5,,47.7,,144,48,142,230,140,210,432,457,,,,,,,,24.5,,,1160,65,815,280,51.5,47,2.5,2,3,1.5,0,0,1.5,,20.4,0,5,18,14.7,4,2,2,0,0
Namibia,DB2019,61.4,,72.1,10,54,10,10,54,10,0,,69.8,,12,160,2.2,8.5,2,1,2,3,0.5,0,,78.2,,6,37,304.4,6,3,1,1,0,0,1,0.7,0.2,5,13.5,,41,,8,44,13.8,10.5,2,4,0,4.5,0,,60,,,,,5,7,12,0,60.8,,56,,5,5,,,6,3,3,6,28,,74.5,,27,302,20.7,16.7,1.9,2.2,30,17,4,0,77.2,,61.5,,90,3,120,6,348,63,745,145,,,,,,,,63.4,,,460,10,400,50,35.8,29,6,0.8,10.5,1.5,5,2,2,,37,0,2.5,14.5,33.8,6,3,2,0,1
Nepal,DB2019,59.7,,82.1,8,18.5,24.4,8,18.5,24.4,0,,57.9,,12,118,14.8,9,1,1,2,3,0,2,,58.3,,5,70,885.5,0,0,0,0,0,0,1,..,..,N/A,11.4,,64.7,,4,6,4.8,5.5,1,2,0,2.5,0,,50,,,,,10,0,10,0,2.7,,58,,6,1,,,9,5,4,4,29,,52.7,,39,353,37,16,19.9,1.1,119,37,26,18,33.3,,80.4,,43,48,30,58,110,80,203,190,,,,,,,,45.3,,,910,45,500,365,26.8,20.8,3.5,2.5,5.5,3,0,0,2.5,,47.2,0,2,9,41.2,8,2,4,2,0
Netherlands,DB2019,76.1,,94.3,4,3.5,4.2,4,3.5,4.2,0,,69.4,,13,161,3.7,10,2,1,3,3,1,0,,82.4,,5,102,28.1,8,3,1,1,1,1,1,0.6,0.3,0.3,10.6,,80.1,,5,2.5,6.1,28.5,7,6,8,7.5,0,,45,,,,,2,7,9,0,95.8,,58,,4,4,,,6,5,5,5,29,,87.6,,9,119,40.8,20.5,19.9,0.4,0,15,4,2,92,,100,,1,1,0,0,0,0,0,0,,,,,,,,59.9,,,514,10,442,62,23.9,13.7,5,5.2,7,3,0.5,2,1.5,,84.3,1,1.1,3.5,89.8,11.5,2.5,6,1,2
New Zealand,DB2019,87,,100,1,0.5,0.2,1,0.5,0.2,0,,86.5,,11,93,2.1,15,2,1,3,3,2,4,,84,,5,58,68,7,2,1,1,1,1,1,2.9,1.9,1,11.5,,94.6,,2,3.5,0.1,26.5,8,4.5,8,6,0,,100,,,,,12,8,20,0,100,,86,,10,9,,,9,5,5,5,43,,91.1,,7,140,34.6,29.9,2.8,1.8,2,5,4,0,96.9,,84.6,,3,1,37,25,67,80,337,367,,,,,,,,71.5,,,216,7,167,42,27.2,22,2,3.2,9.5,3,3,1.5,2,,71.8,1,1.3,3.5,84.1,8.5,3,3,0.5,2
Nicaragua,DB2019,54.5,,79.8,7,14,63.6,7,14,63.6,0,,46.6,,18,225,5.5,3.5,2,1,0,0,0.5,0,,68.4,,6,55,838.7,4,0,1,1,1,0,1,73.7,39.6,3,33.7,,47.2,,9,56,6,6.5,0,3,0,3.5,0,,50,,,,,2,8,10,21.7,59.5,,24,,1,5,,,6,0,0,0,12,,52.7,,43,201,60.6,17.3,23.7,19.6,54,43,9,0,52.5,,77,,48,16,72,72,47,86,240,400,,,,,,,,58.6,,,490,60,230,200,26.8,16.3,5.5,5,6.5,3.5,0.5,0,2.5,,41.1,0,2.2,14.5,35.8,7,2,2,0,3
Niger,DB2019,52.3,,91.5,4,10,8.1,4,10,8.1,11.6,,44.1,,19,98,33.2,8,2,1,0,2,1,2,,48.5,,4,68,5470.9,0,0,0,0,0,0,1,..,..,1,19.3,,58.1,,4,13,7.6,4,0,1.5,0,2.5,0,,30,,,,,6,0,6,0.3,0.5,,42,,7,1,,,5,4,2,2,21,,49.4,,41,270,47.2,21.6,22.3,3.4,No VAT refund per case study scenario,No VAT refund per case study scenario,42,8,25.6,,65.4,,51,156,48,78,39,282,391,462,,,,,,,,54.7,,,380,30,200,150,52.6,23,12,17.6,8,4.5,1,0,2.5,,39.4,0,5,18,21,9,2,5.5,0.5,1
Nigeria,DB2019,53.4,,83,8,11,27.6,8,11,27.6,0,,59,,15,105,21.5,11.8,2,1,2,2.8,0,4,,42.6,,8,115,309.9,0,0,0,0,1,0,1,..,..,5,13.6,,27.5,,12,92,11.3,5.5,2,1.3,0,2.5,0,,85,,,,,9,8,17,0.8,11,,72,,7,7,,,7,4,5,6,36,,53.5,,48,347,34.8,21,13.5,0.3,No VAT refund per case study scenario,No VAT refund per case study scenario,7,0,47.5,,23.1,,119,144,135,264,250,564,786,1077,,,,,,,,57.9,,,454,36,288,130,38.9,21.6,11.8,5.5,8,4.2,1.4,0,2.5,,30.4,0,2,22,27.5,5,2,2,0,1
Nigeria - Kano,DB2019,56,,79.9,10,14,27.5,10,14,27.5,0,,79.5,,13,84,1.3,11,2,1,2,2,0,4,,45.1,,8,93,304.2,0,0,0,0,1,0,1,..,..,5,16.3,,32.3,,11,47,11.8,4,1,0.5,0,2.5,0,,85,,,,,9,8,17,0.8,11,,72,,7,7,,,7,4,5,6,36,,54.3,,48,329,34.8,21,13.5,0.3,No VAT refund per case study scenario,No VAT refund per case study scenario,7,0,47.5,,23.1,,119,144,135,264,250,564,786,1077,,,,,,,,58.4,,,476,21,365,90,28.4,10,11.3,7.1,6.5,3,1,0,2.5,,30.4,0,2,22,27.5,5,2,2,0,1
Nigeria - Lagos,DB2019,52.6,,83.9,8,10,27.6,8,10,27.6,0,,52.9,,16,111,27.5,12,2,1,2,3,0,4,,41.9,,8,122,311.6,0,0,0,0,1,0,1,..,..,5,12.8,,26.1,,12,105,11.1,6,2,1.5,0,2.5,0,,85,,,,,9,8,17,0.8,11,,72,,7,7,,,7,4,5,6,36,,53.3,,48,353,34.8,21,13.5,0.3,No VAT refund per case study scenario,No VAT refund per case study scenario,7,0,47.5,,23.1,,119,144,135,264,250,564,786,1077,,,,,,,,57.8,,,447,40,265,142,42,25,12,5,8.5,4.5,1.5,0,2.5,,30.4,0,2,22,27.5,5,2,2,0,1
North Macedonia,DB2019,80.7,,88.6,6,15,3.3,6,15,3.3,0,,83.4,,9,91,3.7,13,2,1,2,3,1,4,,81.4,,3,97,196.1,5,0,1,1,1,1,1,6.2,13.3,3,12.8,,74.5,,7,30,3.2,25,8,4,6,7,0,,80,,,,,9,7,16,40.7,100,,82,,10,9,,,5,5,6,6,41,,84.7,,7,119,13,11,0,1.9,10,37,22,17,56.4,,93.9,,2,3,9,8,45,50,103,150,,,,,,,,65.3,,,634,70,437,127,30.4,16.3,6.9,7.2,13,5,3.5,2,2.5,,72.7,0,1.5,10,48,15,3,6,3,3
Norway,DB2019,82.9,,94.3,4,4,0.9,4,4,0.9,4.6,,80.6,,11,109.5,0.6,11,2,1,2,3,0,3,,87.5,,4,66,11,7,3,1,1,1,1,0,0.7,0.9,3,10,,87.3,,1,3,2.5,20,7,3.5,4,5.5,0,,55,,,,,5,6,11,0,100,,76,,7,5,,,8,5,6,7,38,,84.8,,5,79,37,20.8,15.9,0.2,9,14,12,29,62.6,,97,,2,2,2,2,0,0,125,125,,,,,,,,81.3,,,400,40,300,60,9.9,8,1.3,0.6,14,3.5,4,4,2.5,,85.4,1,0.9,1,92,11.5,2.5,5,1,3
Oman,DB2019,68.8,,93.4,4,4,3.3,5,5,3.3,0,,75.1,,15,125,0.9,11,2,1,2,3,1,2,,86.5,,5,35,54,7,2,1,1,1,1,1,2.8,1.6,5,5.1,,71.1,,3,30,6,16.5,5,2,4,5.5,0,,35,,,,,1,6,7,26.9,0,,52,,8,5,,,3,3,4,3,26,,90.2,,15,68,27.4,14.4,13,0,No VAT,No VAT,18,0,85.3,,79.2,,7,7,52,70,107,124,279,394,,,,,,,,61.9,,,598,28,450,120,15.1,10,4.5,0.6,7.5,4,1,0,2.5,,44.1,0,3,7,41.3,7,2,4,0,1
Pakistan,DB2019,55.5,,81.9,10,16.5,6.8,10,16.5,6.8,0,,51.9,,19,285,8.7,12.3,2,1,1.4,3,1,4,,43.1,,6,162,1224.4,0,0,1,1,1,1,0,..,..,3,18.7,,42.8,,9,145,4.2,9.5,2,3.9,0,3.5,0,,45,,,,,2,7,9,10.7,7.2,,72,,6,7,,,6,5,7,5,36,,47,,47,294,34.1,18.2,14.8,1.1,84,79,68,19,10.5,,67.5,,55,96,75,120,118,130,288,287,,,,,,,,43.5,,,1071,83,665,323,20.5,12.4,6.3,1.8,5.7,2,1.2,0.5,2,,59.9,0,2.6,4,44.5,11.5,2.5,5.5,1.5,2
Pakistan - Karachi,DB2019,54,,81.9,10,16.5,6.8,10,16.5,6.8,0,,51.1,,18,261,11.8,12.5,2,1,1,3,1.5,4,,39.3,,6,186,1598.8,0,0,1,1,1,1,0,..,..,3,18.7,,32.3,,9,209,4.2,7,0,3.5,0,3.5,0,,45,,,,,2,7,9,10.7,7.2,,72,,6,7,,,6,5,7,5,36,,47.1,,47,294,34,18.2,14.7,1.1,84,79,68,19,10.5,,67.5,,55,96,75,120,118,130,288,287,,,,,,,,44.4,,,1096,96,700,300,18.1,11,5.9,1.2,6,2,1.5,0.5,2,,59.3,0,2.8,4,43.4,11.5,2.5,5.5,1.5,2
Pakistan - Lahore,DB2019,58.2,,81.9,10,16.5,6.8,10,16.5,6.8,0,,53.4,,21,330,2.9,12,2,1,2,3,0,4,,50.1,,6,117,529.1,0,0,1,1,1,1,0,..,..,3,18.7,,62.3,,8,25,4.2,14,6,4.5,0,3.5,0,,45,,,,,2,7,9,10.7,7.2,,72,,6,7,,,6,5,7,5,36,,47,,47,294,34.2,18.2,14.9,1.1,84,79,68,19,10.5,,67.5,,55,96,75,120,118,130,288,287,,,,,,,,41.9,,,1025,60,600,365,25,15,7,3,5,2,0.5,0.5,2,,60.9,0,2.3,4,46.4,11.5,2.5,5.5,1.5,2
Palau,DB2019,53.7,,81.9,8,28,2.9,8,28,2.9,7.8,,62.2,,20,90,3.9,7,2,0,2,3,0,0,,54.8,,5,125,66.5,0,0,1,1,0,0,0,951.3,23,30,31.1,,74.7,,5,14,0.2,12,3,2,2,5,0,,50,,,,,10,0,10,0,0,,14,,0,0,,,7,0,0,0,7,,69,,11,52,75.8,65.8,9.9,0.1,No VAT,No VAT,No corporate income tax,No corporate income tax, ,,61,,72,96,102,84,100,100,505,605,,,,,,,,52.2,,,810,45,400,365,35.3,27,7.6,0.7,9.5,3.5,1.5,3.5,1,,16.7,0,2,22.5,31,0,0,0,0,0
Panama,DB2019,66.9,,92,5,6,6.1,5,6,6.1,0,,68.2,,18,105,2.5,9,2,1,0,3,1,2,,86.6,,5,35,15.7,7,2,1,1,1,1,1,1.6,1.5,3,18.8,,65.2,,7,22.5,2.4,11,3,3,0,5,0,,80,,,,,8,8,16,0,73.7,,56,,4,4,,,8,6,1,5,28,,46.7,,36,408,37.2,12.4,20,4.8,No VAT refund per case study scenario,No VAT refund per case study scenario,28,99,12.8,,85.5,,6,6,24,24,60,50,270,490,,,,,,,,49,,,790,60,365,365,38,24.8,13,0.2,8,3.5,1,1,2.5,,39.6,0,2.5,25,27.1,8,2.5,3,0.5,2
Papua New Guinea,DB2019,59.4,,79.9,6,41,20.5,6,41,20.5,0,,64.4,,17,217,1.2,10,2,1,2,3,0,2,,65.5,,4,66,27.6,0,0,1,1,1,1,0,1356,673,5,30.3,,56.2,,4,72,5.2,5.5,1,2.5,0,2,0,,70,,,,,9,5,14,0,7,,60,,5,5,,,9,6,2,3,30,,68.7,,39,203,39.3,23.2,11.7,4.4,3,44,5,0,77.4,,60.5,,96,120,42,72,75,85,660,790,,,,,,,,36.2,,,591,30,381,180,110.3,82.8,11,16.5,8.5,4,1.5,1,2,,32.3,0,3,23,25.1,6,2,3,0,1
Paraguay,DB2019,58.5,,75.2,7,35,58.4,7,35,58.4,0,,70.5,,14,121,1.6,8,1,1,0,3,1,2,,70.2,,5,67,165.5,3,0,1,1,0,0,1,30.8,27.6,3,6.5,,66.1,,6,46,1.8,12,3,1,2,6,0,,40,,,,,1,7,8,24.4,24.5,,34,,6,5,,,6,0,0,0,17,,64.1,,19,378,35,9.6,18.6,6.7,No VAT refund per case study scenario,No VAT refund per case study scenario,9,0,46.6,,65.1,,24,36,120,24,120,135,815,500,,,,,,,,57.9,,,606,30,466,110,30,20,5.5,4.5,8.5,3,1.5,1.5,2.5,,41.3,0,3.9,9,21.6,9.5,2.5,4,1,2
Peru,DB2019,68.3,,82.4,8,26,7.5,8,26,7.5,0,,72.4,,19,137,1.8,13,2,1,3,3,1,3,,74.5,,6,67,477.3,6,1,1,1,1,1,1,7.1,1.8,3,17.1,,71.7,,6,9.5,3.9,17.5,7,5.5,0,5,0,,75,,,,,7,8,15,38.2,100,,68,,9,6,,,6,6,2,5,34,,65.8,,8,260,36.8,22.7,11,3.2,No VAT refund per case study scenario,No VAT refund per case study scenario,17,31,19.2,,68.2,,48,72,48,72,50,80,630,700,,,,,,,,59.1,,,478,80,223,175,41.2,30,4.7,6.5,9.5,4.5,2.5,0,2.5,,45.7,0,3.1,7,29.8,9.5,2.5,3.5,0.5,3
Philippines,DB2019,60.9,,69.3,14,34,24,14,34,24,2.8,,68.6,,23,122,2.5,13,2,1,2,3,2,3,,87.5,,4,37,21.7,6,2,1,1,1,1,0,3.9,3.2,5,16.4,,57.6,,9,35,4.3,12.5,2,3,4,4.5,-1,,40,,,,,1,7,8,0,12.4,,44,,2,3,,,7,1,5,4,22,,72.2,,13,181,42.9,20.3,8.7,14,No VAT refund per case study scenario,No VAT refund per case study scenario,2,0,50,,68.4,,36,96,43,120,53,68,456,690,,,,,,,,46,,,962,58,700,204,31,20,6,5,7.5,3.5,1.5,0,2.5,,55.2,0,2.7,32,21.3,14,2.5,5.5,3,3
Poland,DB2019,76.9,,82.8,5,37,11.8,5,37,11.8,10,,76.3,,12,137,0.3,10,1,1,2,2,2,2,,81.4,,4,122,17.3,7,2,1,1,1,1,1,1.3,1.1,3,13.2,,70.5,,6,80,0.3,19,7,2.5,4,5.5,0,,75,,,,,7,8,15,0,98.1,,66,,7,2,,,9,5,4,6,33,,76.5,,7,334,40.7,14.5,25.2,1,8,8,6,18,77.4,,100,,1,1,0,0,0,0,0,0,,,,,,,,64.4,,,685,60,480,145,19.4,12,5.4,2,11,5,1.5,1.5,3,,76.5,1,3,15,60.8,14,3,6,3,2
Portugal,DB2019,76.4,,90.9,6,6.5,2,6,6.5,2,0,,73.2,,14,160,1.2,11,2,1,2,3,1,2,,83.3,,5,65,34.5,7,3,1,1,1,1,0,0.6,0.6,3,25.2,,78.4,,1,10,7.3,20,6,4.5,4,5.5,0,,45,,,,,2,7,9,100,7.9,,62,,6,5,,,7,3,4,6,31,,83.7,,8,243,39.8,12.5,26.8,0.5,4,14,1,0,92.7,,100,,1,1,0,0,0,0,0,0,,,,,,,,67.9,,,755,30,545,180,17.2,10.7,6,0.5,13.5,3.5,5,2.5,2.5,,80,1,3,9,64.5,14.5,3,5.5,3,3
Puerto Rico,DB2019,70,,91.2,6,5.5,1.3,6,5.5,1.3,0,,59.4,,22,165,6.9,12,2,1,2,3,1,3,,73.4,,5,32,351.9,3,0,1,1,0,0,1,14.4,4.8,5,24.5,,46.1,,8,191,1.7,13.5,7,3,0,3.5,0,,95,,,,,12,7,19,0,100,,56,,7,6,,,8,1,1,5,28,,52,,16,218,64.4,30.8,13.4,20.2,No VAT,No VAT,41,105,13.8,,81.9,,2,2,48,48,75,75,386,386,,,,,,,,61.8,,,630,40,500,90,30.2,23,5.6,1.6,11,3,3.5,2.5,2,,83.3,1,2.5,11,67.7,15,3,6,3,3
Qatar,DB2019,66.7,,86,8,8.5,6.7,9,9.5,6.7,0,,84.2,,13,87.5,0.1,13,2,1,2,3,1,4,,81.1,,4,67,9.8,5,3,1,1,0,0,0,0.4,0.2,5,4,,84.1,,6,12,0.3,25.5,8,3.5,8,6,0,,40,,,,,1,7,8,28.2,0,,28,,2,2,,,2,3,2,3,14,,99.4,,4,41,11.3,0,11.3,0,No VAT,No VAT,No corporate income tax,No corporate income tax, ,,71.5,,10,72,25,48,150,290,382,558,,,,,,,,54.6,,,570,60,450,60,21.6,15.5,2.5,3.6,4.5,2.5,0,0,2,,38.1,0,2.8,22,30.2,7,2,4,0,1
Romania,DB2019,72.5,,83.9,6,35,0.4,6,35,0.4,0.5,,58.3,,24,260,2,13,2,1,2,3,1,4,,53.5,,9,174,449.7,7,2,1,1,1,1,1,2.1,2.4,3,5.9,,75,,6,14.5,1.3,17,5,6,0,6,0,,80,,,,,9,7,16,18.3,55.7,,62,,9,4,,,5,5,3,5,31,,80.3,,14,163,40,12.3,25.8,1.9,23,28,2,0,76.8,,100,,1,1,0,0,0,0,0,0,,,,,,,,72.2,,,512,52,365,95,25.8,7.7,8.1,10,14,5,4,2,3,,59.9,0,3.3,10.5,35.8,13,2.5,6,2.5,2
Russian Federation,DB2019,77.4,,93,4,10,1.1,4,10,1.1,0,,78.4,,13,169,1.2,14,2,1,3,3,1,4,,94,,2,73,5.7,8,3,1,1,1,1,1,0.3,0.1,1,8.2,,88.6,,4,14,0.1,26,8,6,4,8,0,,80,,,,,9,7,16,0,88,,58,,6,2,,,7,5,4,5,29,,79.6,,9,168,46.3,7.4,36.4,2.5,7,24,6,11,75.8,,71.8,,25,43,66,30,92,153,580,520,,,,,,,,72.2,,,337,60,157,120,16.5,11.5,5,0,9.5,3,4,0,2.5,,58.4,0,2,9,41.7,11.5,2.5,5,1,3
Russian Federation - Moscow,DB2019,77.5,,92.8,4,11,1.1,4,11,1.1,0,,77.7,,14,164.5,1.3,14,2,1,3,3,1,4,,94.3,,2,70,5.3,8,3,1,1,1,1,1,0.4,0.1,1,8,,88.6,,4,14,0.1,26,8,6,4,8,0,,80,,,,,9,7,16,0,88,,58,,6,2,,,7,5,4,5,29,,78.5,,9,168,46.3,7.3,36.4,2.6,7,24,8,16,71.4,,74,,26,43,66,12,80,160,580,400,,,,,,,,72.7,,,340,60,160,120,15,10,5,0,9.5,3,4,0,2.5,,58.4,0,2,9,41.7,11.5,2.5,5,1,3
Russian Federation - Saint Petersburg,DB2019,77.2,,93.6,4,8,1.1,4,8,1.1,0,,80,,11,179,1,14,2,1,3,3,1,4,,93.2,,2,80,6.5,8,3,1,1,1,1,1,0.2,0.1,1,8.5,,88.6,,4,14,0.1,26,8,6,4,8,0,,80,,,,,9,7,16,0,88,,58,,6,2,,,7,5,4,5,29,,82.3,,9,168,46.1,7.4,36.4,2.2,7,24,3,0,86.1,,66.5,,24,43,66,72,120,135,580,800,,,,,,,,71.1,,,330,60,150,120,20,15,5,0,9.5,3,4,0,2.5,,58.4,0,2,9,41.7,11.5,2.5,5,1,3
Rwanda,DB2019,75.4,,90.2,5,4,24.7,5,4,24.7,0,,67,,15,113,12,14,2,1,3,3,1,4,,78.7,,4,30,2083.3,5,0,1,1,1,1,1,14,21.1,5,13.9,,93.7,,3,7,0.1,28.5,8,4.5,8,8,0,,95,,,,,11,8,19,9.2,20.1,,44,,8,9,,,5,0,0,0,22,,84.1,,9,96,33.2,25.7,6,1.5,9,41,19,7,63.7,,75,,30,48,83,74,110,121,183,282,,,,,,,,68.8,,,230,20,120,90,65.3,28,14,23.3,16,4.5,5,4,2.5,,57.2,0,2.5,29,19.2,15,3,5,3,4
Samoa,DB2019,62.1,,92.6,4,9,7.2,4,9,7.2,0,,68.8,,18,57,0.8,6,1,1,0,0,0,4,,79.7,,4,34,615.1,4,0,1,1,1,0,1,16.1,15.9,5,39.1,,69.1,,5,15,3.8,12.5,6,1.5,0,5,0,,45,,,,,9,0,9,0,0,,40,,5,6,,,9,0,0,0,20,,75.7,,37,224,19.3,10.9,8.5,0,10,14,9,0,86.6,,57.8,,24,25,51,84,180,230,1400,900,,,,,,,,58.6,,,455,35,240,180,24.4,15,5,4.4,5.5,2.5,0,0.5,2.5,,33.4,0,2,38,18.6,7.5,2.5,3,1,1
San Marino,DB2019,64.2,,83.7,8,12.5,9,8,12.5,9,29.8,,68.8,,15,145.5,7.4,13,2,1,2,3,1,4,,91.4,,3,38,41.5,6,2,1,1,1,0,1,0.3,1.1,1,13.8,,61.5,,9,42.5,6.6,23,5,4,8,6,0,,30,,,,,1,5,6,80.1,0,,26,,3,2,,,8,0,0,0,13,,82.2,,18,52,35.7,5.1,30.3,0.3,No VAT,No VAT,13,14,67.8,,97.5,,1,3,0,4,0,100,0,50,,,,,,,,59.2,,,575,45,350,180,13.9,10.5,2.9,0.5,5.5,1.5,1,1.5,1.5,,41.2,0,2.3,5,50.4,4.5,1.5,2,1,0
São Tomé and Príncipe,DB2019,45,,78.3,6,7,12.3,6,7,12.3,178.5,,66.6,,16,67,2.2,5,0.5,0,2,2,0.5,0,,62,,4,89,362.3,0,0,0,0,0,1,0,..,..,N/A,17,,41.1,,8,52,10.2,4.5,0,1.5,0,3,0,,25,,,,,0,5,5,17.2,0,,20,,3,1,,,6,0,0,0,10,,61.8,,46,424,37,19.4,6.8,10.8,No VAT,No VAT,10,0,92.2,,66,,46,17,83,150,194,75,426,406,,,,,,,,28.8,,,1185,90,730,365,45.6,23.4,6.5,15.7,4.5,1.5,1.5,0,1.5,,0,0,No Practice,No Practice,0,0,2,4,0,0
Saudi Arabia,DB2019,63.8,,80.1,10,17,6.6,12,19,6.6,0,,76.7,,15,105.5,2.1,12,2,1,2,3,0,4,,79.9,,5,68,31.2,6,2,1,1,1,1,0,1.9,1.4,5,7.6,,84.1,,2,1.5,0,13.5,5,2,0,6.5,0,,45,,,,,1,8,9,0,63.2,,80,,9,9,,,4,5,6,7,40,,75,,3,32,15.7,2.2,13.5,0,No VAT,No VAT,70,34,0,,54.3,,60,90,50,228,105,390,363,779,,,,,,,,63.4,,,575,30,365,180,27.5,20,7.5,0,10.5,4,2.5,2,2,,0,0,No Practice,No Practice,0,0,2,0,0,0
Senegal,DB2019,54.4,,89.9,4,6,32,4,6,32,4.3,,59.6,,14,177,9.8,10,2,1,2,2,2,1,,61.4,,6,75,3419.7,5,0,1,1,1,1,1,53.3,30.5,5,17.3,,57.5,,5,41,7.6,10,0,4,0,6,0,,30,,,,,6,0,6,0.7,2.7,,44,,7,1,,,6,4,2,2,22,,48.1,,58,441,45.1,16.2,23.6,5.3,34,17,12,0,71.8,,60.9,,26,72,62,53,96,545,547,702,,,,,,,,48.2,,,740,35,390,315,36.4,28,8,0.4,6.5,3,1,0,2.5,,44.3,0,3,20,30.1,9,2,5.5,0.5,1
Serbia,DB2019,73.9,,92.6,5,5.5,2.2,5,5.5,2.2,0,,84.4,,11,106,1.7,14,2,1,2,3,2,4,,70,,5,125,212.1,5,1,1,1,1,0,1,4.3,4.1,3,7.3,,71.2,,6,34,2.7,18,5,4,4,5,0,,65,,,,,6,7,13,0,100,,62,,4,6,,,5,5,6,5,31,,74.8,,33,226,36.6,13,20.2,3.4,4,15,5,0,91.1,,96.6,,2,3,4,4,35,35,47,52,,,,,,,,61.9,,,635,30,495,110,39.6,14.5,13.9,11.2,13,5,4.5,1.5,2,,60.8,0,2,20,34.5,13.5,2.5,6,3,2
Seychelles,DB2019,61.5,,78.7,9,32,13.4,9,32,13.4,0,,65.5,,16,138,0.3,6,2,0,1,3,0,0,,71.2,,5,52,377.7,3,3,0,0,0,0,0,0.1,0,1,31.1,,70.8,,4,33,7,21,6,5,4,6,0,,35,,,,,2,5,7,66.3,0,,34,,4,8,,,5,0,0,0,17,,84.7,,29,85,30.1,18.8,2.3,9.1,0,17,2,0,93.4,,71.8,,44,33,82,97,115,93,332,341,,,,,,,,51.2,,,915,75,720,120,15.4,10,3,2.4,6.5,3,1,0.5,2,,52.2,0,2,11,38.9,10,2.5,5,0.5,2
Sierra Leone,DB2019,47.2,,91.2,5,8,8.4,5,8,8.4,0,,38.4,,17,182,21.4,7,1,1,2,3,0,0,,31.7,,8,82,5025.2,0,0,0,0,0,0,1,..,..,N/A,20.4,,43.5,,7,56,10.7,6.5,0,3,0,3.5,0,,25,,,,,5,0,5,1.6,0,,40,,6,8,,,6,0,0,0,20,,73,,34,343,30.7,18.5,11.3,1,No VAT,No VAT,7,0,95.4,,49,,72,137,55,120,227,387,552,821,,,,,,,,55.9,,,515,30,395,90,39.5,15,4.5,20,8,4.5,2,0,1.5,,24.7,0,2.3,42,11.1,6,2,3,0,1
Singapore,DB2019,85.8,,98.2,2,1.5,0.4,2,1.5,0.4,0,,84.7,,10,41,3.4,12,2,1,2,3,0,4,,91.3,,4,30,23.3,7,3,1,1,1,1,0,0,0,0,10.2,,83.1,,6,4.5,2.9,28.5,8,5.5,8,7,0,,75,,,,,8,7,15,0,60.9,,86,,10,9,,,9,5,5,5,43,,91.6,,5,64,20.6,1.7,17.8,1.1,5,21,17,13,72,,89.6,,2,3,10,33,37,40,335,220,,,,,,,,84.5,,,164,6,118,40,25.8,20.9,2.8,2.1,15.5,4.5,4.5,4,2.5,,74.3,1,0.8,4,88.8,8.5,3,4,0.5,1
Slovak Republic,DB2019,75.4,,82,8,26.5,1,8,26.5,1,16.4,,59.3,,14,300,0.2,8,2,0,2,3,1,0,,83.2,,5,89,233.3,8,3,1,1,1,1,1,1,0.6,3,11.6,,90.2,,3,16.5,0,25.5,6,5.5,8,6,0,,70,,,,,7,7,14,3.3,80.7,,56,,3,4,,,7,5,5,4,28,,80.6,,8,192,49.7,9.1,39.7,0.9,5,24,2,0,87.2,,100,,1,1,0,0,0,0,0,0,,,,,,,,66.1,,,775,70,525,180,20.5,14,6.4,0.1,13.5,3.5,4,4,2,,66.9,1,4,18,48.8,13,3,4,3,3
Slovenia,DB2019,76.4,,92.9,3,8,0,3,8,0,36.8,,65.2,,17,247.5,2.8,13,2,1,2,3,1,4,,89.2,,5,38,99.5,8,3,1,1,1,1,1,0.6,0.3,3,14.6,,72.1,,7,50.5,2.2,23,6,3.5,8,5.5,0,,45,,,,,3,6,9,100,0,,78,,5,9,,,8,6,6,5,39,,83.3,,10,233,31,12.7,18.2,0.2,3,5,29,6,80,,100,,1,1,0,0,0,0,0,0,,,,,,,,54.8,,,1160,30,800,330,12.7,7.6,3.5,1.6,11.5,4.5,3,1.5,2.5,,83.7,1,0.8,4,88.7,11.5,2.5,6,2,1
Solomon Islands,DB2019,55.2,,85.5,7,9,28.1,7,9,28.1,0,,49.1,,14,99,20.2,8,2,1,1,2,1,1,,69.5,,4,53,1238.9,2,2,0,0,0,0,0,2.6,1.8,2,67.4,,47.4,,10,86.5,4.7,11,0,1.5,4,5.5,0,,50,,,,,10,0,10,0,3.4,,38,,3,7,,,9,0,0,0,19,,83.8,,34,80,32,23.3,8.5,0.3,No VAT,No VAT,2,0,100,,53.4,,60,37,110,108,257,215,630,740,,,,,,,,43.5,,,497,45,182,270,78.9,55.5,5.1,18.3,9,3,1.5,2,2.5,,31.9,0,1,38,24.4,6,2,3,0,1
Somalia,DB2019,20,,46.4,9,70,195.2,9,70,195.2,0,,0,,No Practice,No Practice,No Practice,No Practice,No Practice,No Practice,No Practice,No Practice,No Practice,No Practice,,0,,No Practice,No Practice,No Practice,No Practice,No Practice,No Practice,No Practice,No Practice,No Practice,No Practice,No Practice,No Practice,No Practice,No Practice,,47.9,,5,188,1.6,7.5,2,0,0,5.5,0,,0,,,,,0,0,0,0,0,,0,,0,0,,,0,0,0,0,0,,0,,No Practice,No Practice,No Practice,No Practice,No Practice,No Practice,No Practice,No Practice,No Practice,No Practice,0,,51.6,,73,76,44,85,350,300,495,952,,,,,,,,54.6,,,575,30,365,180,21.4,10,6.4,5,4.5,2.5,0,0,2,,0,0,No Practice,No Practice,0,0,0,0,0,0
South Africa,DB2019,66.7,,81.2,7,40,0.2,7,40,0.2,0,,68.2,,20,155,2,12,2,1,2,3,0,4,,68.8,,5,109,156.7,4,0,1,1,1,0,1,44,6.5,5,14.8,,59.3,,7,23,7.8,15,5,3.5,2,4.5,0,,60,,,,,5,7,12,0,67.3,,80,,8,8,,,8,5,6,5,40,,81.1,,7,210,29.1,21.8,4,3.3,9,17,11,32,60.3,,59.6,,68,36,92,87,55,73,1257,676,,,,,,,,54.1,,,600,30,490,80,33.2,22.6,7.6,3,7,2,2,0.5,2.5,,54.5,0,2,18,34.5,11.5,3,6,0.5,2
South Sudan,DB2019,33.6,,65.4,12,13,122.6,12,13,122.6,0,,46.4,,23,131,11.8,7,0,1,1,2,0,3,,0,,No Practice,No Practice,No Practice,No Practice,No Practice,No Practice,No Practice,No Practice,No Practice,No Practice,No Practice,No Practice,No Practice,No Practice,,36.7,,7,48,14.6,5,0,0,0,5,0,,10,,,,,2,0,2,0,0,,16,,2,1,,,5,0,0,0,8,,76.7,,37,210,31.4,9.2,19.2,3,No VAT,No VAT,6,0,95.9,,26.2,,192,360,146,179,194,350,763,781,,,,,,,,59,,,228,28,155,45,30,15,10,5,3.5,1.5,0,0,2,,0,0,No Practice,No Practice,0,0,2.5,2,0.5,1
Spain,DB2019,77.7,,86.9,7,12.5,4,7,12.5,4,12,,70.8,,13,147,4.7,11,2,1,2,3,1,2,,83,,5,95,96.4,8,3,1,1,1,1,1,0.5,0.7,3,24.8,,71.7,,6,13,6.1,22.5,7,3,6,6.5,0,,60,,,,,5,7,12,67.7,15.7,,70,,7,6,,,6,6,4,6,35,,84.6,,9,148,47,10.6,35.7,0.7,0,17,2,0,93.6,,100,,1,1,0,0,0,0,0,0,,,,,,,,70.9,,,510,50,280,180,17.2,12.7,4.5,0,11.5,3.5,2.5,2.5,3,,79.1,1,1.5,11,77.3,12,3,6,2,1
Sri Lanka,DB2019,61.8,,87.9,7,9,9.4,7,9,9.4,0,,72.2,,13,86,0.3,6,2,0,1,3,0,0,,74.3,,5,100,710.5,6,2,1,1,1,0,1,3.2,2.3,2,16.9,,51.9,,8,39,5.2,5.5,3,1.5,0,1,0,,40,,,,,2,6,8,0,46.5,,72,,8,5,,,7,5,6,5,36,,59.8,,36,129,55.2,1.2,16.9,37.1,No VAT refund per case study scenario,No VAT refund per case study scenario,3,0,49.3,,73.3,,48,48,43,72,58,283,366,300,,,,,,,,41.2,,,1318,62,1000,256,22.8,20.2,1.1,1.5,8.5,4.5,1,0.5,2.5,,45,0,1.7,10,43.1,7,2.5,3,0.5,1
St. Kitts and Nevis,DB2019,54.6,,85.8,7,18.5,7,7,18.5,7,0,,73.4,,12,105,0.4,7,0,1,2,3,0,1,,70.1,,4,18,234.2,0,0,0,0,0,0,0,..,..,N/A,29.7,,28.8,,6,224,11,9,1,1.5,0,6.5,0,,25,,,,,5,0,5,0,0,,52,,4,8,,,8,3,1,2,26,,64.4,,39,203,49.7,30.5,11.2,8,10,43,2,0,75.7,,81,,24,33,27,37,100,90,335,311,,,,,,,,65.5,,,578,28,400,150,26.6,18,5.2,3.4,11.5,4.5,3,1.5,2.5,,0,0,No Practice,No Practice,0,0,2.5,4.5,1,3
St. Lucia,DB2019,63.6,,89.2,5,11,18.4,5,11,18.4,0,,76.3,,14,116,0.6,10.5,2,1,2,3,0.5,2,,83,,6,26,174.4,7,3,1,1,1,0,1,0.2,0.2,0,30.9,,59.9,,9,17,7.2,18.5,2,2,8,6.5,0,,25,,,,,5,0,5,0,0,,58,,4,8,,,8,3,4,2,29,,75.5,,35,110,34.7,25.8,5.6,3.3,8,26,5,9,76.9,,73.9,,19,14,27,27,63,98,718,842,,,,,,,,59.7,,,645,21,444,180,37.3,29.3,2,6,11.5,4.5,3,1.5,2.5,,35.9,0,2,9,43.5,4,2,2,0,0
St. Vincent and the Grenadines,DB2019,57,,86.9,7,10,15.4,7,10,15.4,0,,74.4,,14,92,0.1,8,1,1,2,2,1,1,,71.2,,3,52,47.9,0,0,1,0,0,0,1,..,..,N/A,31.5,,43.1,,7,47,11.8,7,0,1.5,0,5.5,0,,25,,,,,5,0,5,0,0,,58,,4,8,,,8,3,4,2,29,,70.3,,36,108,39.3,29.8,6.2,3.3,12,31,23,9,63.9,,77.4,,48,24,28,48,80,90,340,540,,,,,,,,63.7,,,595,30,445,120,30.3,14.3,7.8,8.2,11.5,4.5,3,1.5,2.5,,0,0,No Practice,No Practice,0,0,2.5,4.5,1,3
Sudan,DB2019,48,,76.3,9,34,20.9,10,35,20.9,0,,63.8,,16,255,2.9,12,2,1,2,2,1,4,,64,,5,70,2075.7,3,0,1,1,0,0,1,58.6,14.4,5,4.4,,63.7,,6,11,2.6,5.5,3,0,0,2.5,0,,25,,,,,5,0,5,0,3.1,,30,,3,1,,,6,2,2,1,15,,51.8,,42,180,45.4,11.5,19.2,14.7,No VAT refund per case study scenario,No VAT refund per case study scenario,60,6,20.2,,19,,190,132,180,144,428,420,967,1093,,,,,,,,47.8,,,810,90,310,410,19.8,12.3,5,2.5,4,2,0,0,2,,38.7,0,2,20,31.3,7,2,4,0,1
Suriname,DB2019,47.4,,61.6,8,66,93.4,8,66,93.4,0,,66.4,,10,223,0.2,6.5,1,1,0,2,1.5,1,,58.2,,4,113,743.2,0,0,1,1,0,0,1,..,..,30,7.3,,45.9,,6,46,14.2,12.5,5,3.5,0,4,0,,10,,,,,2,0,2,0,0,,28,,1,0,,,6,4,2,1,14,,69.4,,30,199,27.9,27.9,0,0,No VAT refund per case study scenario,No VAT refund per case study scenario,5,0,48.4,,75,,12,24,84,48,40,40,468,658,,,,,,,,25.9,,,1715,165,1095,455,37.1,17.7,5.3,14.1,3.5,1.5,0,0,2,,33.8,0,5,30,7.6,9.5,2.5,4,1,2
Sweden,DB2019,82,,93.1,4,7.5,0.5,4,7.5,0.5,10.8,,78,,8,117,2,9,2,1,3,3,0,0,,96.2,,3,52,30.2,8,3,1,1,1,1,1,0.6,0.5,3,10.2,,90.5,,1,7,4.3,28,8,5,8,7,0,,60,,,,,7,5,12,0,100,,72,,8,4,,,7,5,6,6,36,,85.3,,6,122,49.1,13.1,35.4,0.6,11,8,5,0,90.7,,98,,1,1,2,0,40,0,55,0,,,,,,,,67.6,,,483,28,365,90,30.4,28,2.3,0.1,12,3.5,4,2,2.5,,79.5,1,2,9,78,12,3,6,1,2
Switzerland,DB2019,76.6,,88.4,6,10,2.3,6,10,2.3,25,,71.8,,13,156,0.7,9,2,1,2,3,0,1,,94.4,,3,39,58.1,7,3,1,1,1,0,1,0.2,0.2,3,12.3,,86.1,,4,16,0.3,23.5,7,2.5,8,6,0,,65,,,,,6,7,13,0,25.4,,50,,0,5,,,5,5,5,5,25,,87.7,,19,63,28.8,9.3,17.7,1.8,2,15,10,9,83.2,,96.1,,2,2,1,1,27,27,115,115,,,,,,,,64.1,,,598,40,408,150,24,14.1,9.1,0.8,10.5,4.5,1,2.5,2.5,,62.7,0,3,4.5,46.8,12,3,4,1,4
Syrian Arab Republic,DB2019,41.5,,81,7,15,7.6,8,16,7.6,75.7,,0,,No Practice,No Practice,No Practice,No Practice,No Practice,No Practice,No Practice,No Practice,No Practice,No Practice,,52.1,,5,146,223.1,0,0,0,0,1,0,1,..,..,N/A,6.7,,45.2,,4,48,28,8.5,2,2.5,0,4,0,,15,,,,,1,2,3,7.3,0,,54,,7,5,,,3,3,5,4,27,,74,,20,336,42.7,23,19.3,0.4,No VAT,No VAT,10,0,92.2,,29.8,,48,149,84,141,725,742,1113,828,,,,,,,,42.6,,,872,58,590,224,29.3,16.3,4.5,8.5,4,2,0,0,2,,21.1,0,4.1,16,10.2,5,2,2,0,1
"Taiwan, China",DB2019,81,,94.4,3,10,1.9,3,10,1.9,0,,87.1,,10,82,0.4,13,2,1,2,3,1,4,,96.3,,3,22,38.6,7,3,1,1,1,1,0,0.3,0.2,1,11.9,,83.9,,3,4,6.2,28.5,8,4.5,8,8,0,,50,,,,,2,8,10,0,100,,76,,9,5,,,7,4,6,7,38,,85.1,,11,221,34.6,12.5,18.7,3.4,3,12,7,0,92.2,,84.9,,5,4,17,47,84,65,335,340,,,,,,,,75.1,,,510,30,360,120,18.3,15.5,2.6,0.2,14,3.5,4.5,3,3,,77.1,1,1.9,4,82.2,10.5,2.5,5.5,0.5,2
Tajikistan,DB2019,55.4,,91,4,10,18,4,10,18,0,,60.6,,26,157,3.1,12,2,1,2,3,0,4,,47.2,,9,105,893,3,1,1,0,0,0,1,4.9,6,2,6.4,,66.3,,4,33,2.9,7.5,0,1,0,6.5,0,,40,,,,,1,7,8,0,44.9,,40,,8,6,,,6,0,0,0,20,,60.9,,7,224,67.3,17.7,28.5,21.1,No VAT refund per case study scenario,No VAT refund per case study scenario,11,7,40.4,,59.1,,66,126,51,107,330,260,313,223,,,,,,,,60.7,,,430,40,120,270,25.5,8.5,10,7,6.5,2.5,2,0,2,,28.1,0,1.7,17,29,4,1.5,1,0.5,1
Tanzania,DB2019,54.3,,74.3,10,27.5,45.6,10,27.5,45.6,0,,57.1,,24,184,6,12,2,1,2,3,0,4,,74.6,,4,105,775.2,5,0,1,1,1,1,1,20.9,46.8,4,12.6,,50.1,,8,67,5.2,7.5,0,2.5,0,5,0,,65,,,,,5,8,13,0,6,,50,,2,6,,,8,3,2,4,25,,50.9,,60,207,44,20.8,17.5,5.7,60,110,5,0,48.4,,20.2,,96,240,96,402,275,375,1175,1350,,,,,,,,61.7,,,515,60,365,90,14.3,10,4.3,0,6,3,1.5,0,1.5,,39,0,3,22,20.3,9,3,4,1,1
Thailand,DB2019,79.5,,92.3,5,6,3.1,5,6,3.1,0,,71.9,,19,118,0.7,11,2,1,2,3,1,2,,98.6,,3,30,40.4,8,3,1,1,1,1,1,0.5,1,1,12.6,,69.5,,5,9,7.2,19,4,4.5,4,6.5,0,,70,,,,,7,7,14,0,60.2,,86,,10,7,,,9,5,6,6,43,,77.7,,21,229,29.5,22.2,5.4,1.9,16,33,11,0,73.4,,84.6,,11,4,44,50,97,44,223,233,,,,,,,,67.9,,,420,60,260,100,16.9,10,6.5,0.4,8.5,3,2,1,2.5,,76.6,1,1.5,18,69.8,12.5,2.5,5,3,2
Timor-Leste,DB2019,39.7,,89.4,6,13,0.6,6,13,0.6,0.2,,55.3,,16,207,0.5,3,0,0,1,2,0,0,,63.2,,3,93,1170.2,0,0,0,0,0,0,0,..,..,N/A,21.5,,0,,No Practice,No Practice,No Practice,No Practice,No Practice,No Practice,No Practice,No Practice,No Practice,,20,,,,,0,4,4,7.2,0,,28,,5,4,,,5,0,0,0,14,,65,,18,156,11.2,11.2,0,0,No VAT,No VAT,55,65,1.4,,69.9,,33,44,96,100,100,115,350,410,,,,,,,,6.1,,,1285,200,995,90,163.2,155.7,4,3.5,2.5,1.5,1,0,0,,0,0,No Practice,No Practice,0,0,2.5,6,1,2
Togo,DB2019,55.3,,88.7,4,5.5,41.7,4,5.5,41.7,6.7,,60.5,,12,169,9.7,9,1,1,0,2,2,3,,70,,3,66,2979.8,3,0,0,0,1,1,1,89,39,5,17,,54.8,,5,84,5.9,9.5,1,4,0,4.5,0,,30,,,,,6,0,6,0.6,0.4,,42,,7,1,,,5,4,2,2,21,,47.3,,49,159,48.2,10.3,23.1,14.7,No VAT refund per case study scenario,No VAT refund per case study scenario,37,24,14.9,,63.7,,11,180,67,168,25,252,163,612,,,,,,,,49,,,488,23,285,180,47.5,19,11.1,17.4,5.5,3,0,0,2.5,,46.6,0,3,15,34.4,9,2,5.5,0.5,1
Tonga,DB2019,61.7,,90.9,4,16,6.5,4,16,6.5,0,,74.6,,14,77,6.2,12,2,1,2,3,1,3,,73.2,,5,42,83,3,0,1,1,1,0,0,26,9.2,5,38.5,,43.4,,4,112,15.1,15.5,2,1.5,8,6,-2,,70,,,,,10,4,14,0,23.3,,30,,3,3,,,9,0,0,0,15,,70.6,,30,200,27.5,21.2,5.6,0.7,42,33,14,8,52.5,,72.6,,108,72,52,26,70,148,201,330,,,,,,,,57.3,,,350,7,263,80,30.5,22.5,6.7,1.3,4.5,2.5,1,0.5,0.5,,34,0,2.7,22,28.3,6,2,3,0,1
Trinidad and Tobago,DB2019,61,,88.6,7,10.5,0.7,7,10.5,0.7,0,,64.1,,16,254,0.1,10,2,1,1,3,0,3,,84.3,,4,61,199,6,1,1,1,1,1,1,5.7,2.8,2,6.7,,46.7,,9,77,7.1,11,4,1.5,2,3.5,0,,65,,,,,7,6,13,0,79.2,,64,,4,9,,,8,5,4,2,32,,51,,39,210,39.7,25,9.4,5.3,77,40,54,32,8,,62.6,,32,44,60,78,250,250,499,635,,,,,,,,35.6,,,1340,85,1195,60,33.5,30.4,0.1,3,8,3,2,0.5,2.5,,48.5,0,2.5,25,26.2,11,2.5,4.5,1,3
Tunisia,DB2019,67.2,,88.5,7,9,4.3,7,9,4.3,0,,77.1,,14,133,3.6,14,2,1,2,3,2,4,,82.4,,4,65,664.8,6,2,1,1,1,0,1,3.4,2.5,2,9.7,,62.7,,5,40,6.1,13,4,4,0,5,0,,50,,,,,3,7,10,28.8,0,,62,,6,7,,,5,4,4,5,31,,62.2,,8,144,60.2,13.1,25.3,21.8,45,62,12,75,22.9,,74.6,,3,27,12,80,200,144,375,596,,,,,,,,58.4,,,565,55,300,210,21.8,13.8,5,3,6.5,4.5,0,0,2,,54.2,0,1.3,7,51.3,8.5,2,5.5,0,1
Turkey,DB2019,75.3,,88.2,7,7,10.6,7,7,10.6,0,,73.4,,18,100,3.9,13,2,1,2,3,1,4,,81.2,,4,55,389.5,5,0,1,1,1,1,1,17.5,9.7,5,10.1,,79.9,,6,5,4,27,8,4,8,7,0,,75,,,,,7,8,15,77.7,0,,76,,9,5,,,6,6,6,6,38,,74.8,,10,170,40.4,18.2,19.7,2.5,No VAT refund per case study scenario,No VAT refund per case study scenario,2,0,50,,91.4,,4,2,10,11,55,55,338,46,,,,,,,,71.8,,,609,30,450,129,24.9,12,3,9.9,15,3.5,5,4,2.5,,40.7,0,5,14.5,14.7,10.5,3,3,1.5,3
Uganda,DB2019,58.4,,71.1,13,24,42.7,13,24,42.7,0,,65.7,,18,113,8.1,12,2,1,2,3,0,4,,34.1,,6,66,7513.6,0,0,1,1,1,0,1,59.3,42.2,6,17.1,,53.5,,10,42,3.9,10.5,3,3.5,0,4,0,,60,,,,,5,7,12,0,6.6,,56,,3,5,,,7,3,5,5,28,,73.1,,31,195,33.7,22.3,11.3,0.1,9,16,20,11,72.3,,66.7,,24,96,59,145,102,296,209,447,,,,,,,,60.6,,,490,20,365,105,31.3,15,6.7,9.6,8.5,4,1.5,0.5,2.5,,43,1,2.2,29.5,39.3,7,2.5,3,0.5,1
Ukraine,DB2019,69.1,,91.1,6,6.5,0.6,6,6.5,0.6,0,,77.2,,11,79,6.4,12,2,0,2,3,1,4,,59.2,,5,281,402.5,6,2,1,1,1,0,1,3.8,2,3,7.1,,70,,7,15,1.8,14.5,5,3,0,6.5,0,,75,,,,,8,7,15,0,45.9,,66,,8,2,,,6,4,6,7,33,,79.4,,5,328,41.7,11,29.6,1.1,16,14,3,0,86,,77.6,,66,96,6,32,192,162,75,100,,,,,,,,63.6,,,378,48,150,180,46.3,25,9.9,11.4,11.5,5,3,2,1.5,,31.7,0,2.9,40.5,9.6,8.5,2,4,0.5,2
United Arab Emirates,DB2019,81.6,,94.1,2,3.5,22.8,3,4.5,22.8,0,,86.5,,14,50.5,2.2,15,2,1,3,3,2,4,,100,,2,10,0,8,3,1,1,1,1,1,0.3,0.3,5,11,,89.6,,2,1.5,0.2,20.5,8,3,4,5.5,0,,70,,,,,6,8,14,10.8,53.6,,78,,10,9,,,4,4,7,5,39,,99.4,,4,12,15.9,0,14.1,1.8,No VAT,No VAT,No corporate income tax,No corporate income tax, ,,72.7,,6,12,27,54,140,283,462,678,,,,,,,,75.9,,,445,21,280,144,21,10,9.4,1.6,14,5,4,3,2,,49.7,0,3.2,20,28.4,11,2,6,2,1
United Kingdom,DB2019,83.6,,94.6,4,4.5,0,4,4.5,0,0,,80.3,,9,86,1.1,9,2,1,3,3,0,0,,96.4,,3,50,23.9,8,3,1,1,1,1,1,0.3,0.1,3,17.2,,75.3,,6,21.5,4.8,25.5,8,5.5,4,8,0,,75,,,,,7,8,15,0,100,,84,,10,7,,,8,6,5,6,42,,87.1,,8,105,30,17.3,10.8,1.9,0,7,6,34,71,,93.8,,4,2,24,3,25,0,280,0,,,,,,,,68.7,,,437,30,345,62,45.7,35,9.5,1.2,15,4.5,5,3.5,2,,80.3,1,1,6,85.3,11,3,5,1,2
United States,DB2019,83.6,,91.2,6,6,1,6,6,1,0,,79.9,,16,81,0.8,12.4,2,1,2,3,0.4,4,,82.1,,5,90,22.9,7,3,1,1,.6,1,1,1.2,0.4,4.2,17.1,,76.9,,4,15,2.4,17.6,7,3.2,4,3.4,0,,95,,,,,11,8,19,0,100,,71.6,,7,9,,,9,2,3,5,36,,84.1,,11,175,43.8,27.9,9.8,6.1,No VAT,No VAT,8,0,94,,92,,2,8,2,2,60,100,175,175,,,,,,,,72,,,444,30,314,100,30.5,20.6,5,4.9,13.8,4.4,4.7,2.2,2.5,,90.9,1,1,10,81.8,15,3,6,3,3
United States - Los Angeles,DB2019,81.4,,90.7,6,8,0.7,6,8,0.7,0,,79.5,,17,68,1.7,13,2,1,2,3,1,4,,68.5,,6,134,37.5,6,2,1,1,0,1,1,2.7,1,3,18.9,,77.1,,5,20,0.9,17,7,3.5,4,2.5,0,,95,,,,,11,8,19,0,100,,74,,8,8,,,9,2,4,6,37,,85.5,,10,175,40.9,29.3,9.5,2.2,No VAT,No VAT,8,0,94,,92,,2,8,2,2,60,100,175,175,,,,,,,,61.3,,,555,30,425,100,42,30,5,7,12,3.5,5,1,2.5,,90.9,1,1,10,81.8,15,3,6,3,3
United States - New York City,DB2019,85,,91.6,6,4,1.2,6,4,1.2,0,,80.1,,15,89,0.3,12,2,1,2,3,0,4,,91.2,,4,60,13.1,8,3,1,1,1,1,1,0.2,0,5,15.9,,76.7,,4,12,3.4,18,7,3,4,4,0,,95,,,,,11,8,19,0,100,,70,,7,9,,,9,2,3,5,35,,83.3,,11,175,45.7,27.1,10,8.7,No VAT,No VAT,8,0,94,,92,,2,8,2,2,60,100,175,175,,,,,,,,79.1,,,370,30,240,100,22.9,14.4,5,3.5,15,5,4.5,3,2.5,,90.9,1,1,10,81.8,15,3,6,3,3
Uruguay,DB2019,61.4,,89.8,5,6.5,22.6,5,6.5,22.6,0,,57.5,,19,265,1,9,2,1,2,3,1,0,,82.1,,5,48,10.7,6,1,1,1,1,1,1,5.5,2.6,3,16.9,,57.6,,9,66,7,22.5,7,3.5,6,6,0,,60,,,,,4,8,12,100,100,,30,,3,4,,,8,0,0,0,15,,70.3,,20,163,41.8,23.6,15.6,2.6,No VAT refund per case study scenario,No VAT refund per case study scenario,3,0,49.5,,57.1,,24,72,96,6,231,285,1038,500,,,,,,,,56.3,,,725,35,420,270,23.2,14,6,3.2,8,2,3,1,2,,53,0,1.8,7,43.2,9.5,2.5,6,1,0
Uzbekistan,DB2019,67.8,,96,3,3,3.1,3,3,3.1,0,,61.4,,17,246,3.3,11,2,1,2,3,1,2,,86,,4,88,705.2,8,3,1,1,1,1,1,0.2,0.1,0.5,5.7,,67,,9,43,1.1,18.5,5,2.5,4,7,0,,65,,,,,6,7,13,0,42.7,,62,,8,3,,,7,3,5,5,31,,76.9,,10,181,32.1,12.6,17.4,2.2,No VAT refund per case study scenario,No VAT refund per case study scenario,6,0,48.2,,49.8,,96,174,112,111,292,292,278,278,,,,,,,,68.2,,,225,30,90,105,20.5,15,3.5,2,6.5,2.5,0,2,2,,45.2,0,2,10,37.6,8,2.5,3,0.5,2
Vanuatu,DB2019,60.7,,81.5,7,18,42,7,18,42,0,,54.7,,15,123,9.3,5,1,0,1,3,0,0,,69.1,,4,120,1035.1,4,0,1,1,1,1,0,13.4,8.2,3,43.6,,65.6,,4,58,7,18.5,6,4.5,4,4,0,,75,,,,,11,4,15,0,12.2,,32,,5,6,,,5,0,0,0,16,,77.8,,31,120,8.5,0,4.5,4,7,28,No corporate income tax,No corporate income tax,69,,59.1,,72,48,38,126,190,183,709,681,,,,,,,,49.3,,,430,30,200,200,56,40,6,10,6.5,3,1,0.5,2,,43.1,1,2.6,38,45.2,6,2,3,0,1
"Venezuela, RB",DB2019,32.1,,25,20,230,393,20,230,393,0,,56,,11,434,4.4,10.5,1.5,1,2,3,1,2,,40.4,,6,208,465.3,0,0,0,0,0,0,0,..,..,N/A,653.9,,49.7,,10,53,2.9,5.5,0,1.5,0,4,0,,40,,,,,1,7,8,0,36.6,,24,,3,2,,,3,1,2,1,12,,12.9,,71,792,70.1,9.4,18,42.6,No VAT refund per case study scenario,No VAT refund per case study scenario,13,32,19.7,,7.9,,528,1090,288,240,375,400,1250,1500,,,,,,,,46.9,,,720,150,420,150,43.7,21.5,7.2,15,7,3.5,0.5,1,2,,18.6,0,4,38,5.6,5,2,2,0,1
Vietnam,DB2019,68.6,,84.8,8,17,6.1,8,17,6.1,0,,79,,10,166,0.7,12,2,1,2,3,0,4,,87.9,,4,31,1087.3,7,2,1,1,1,1,1,3.9,3,5,12.3,,71.1,,5,53.5,0.6,14,6,3,0,5,0,,75,,,,,8,7,15,54.8,29.5,,54,,7,4,,,2,4,5,5,27,,62.9,,10,498,37.8,13.2,24.5,0.1,No VAT refund per case study scenario,No VAT refund per case study scenario,4,0,49.1,,70.8,,50,76,55,56,139,183,290,373,,,,,,,,62.1,,,400,50,200,150,29,21,5,3,7.5,3,1,1,2.5,,38.1,0,5,14.5,21.3,8.5,2.5,3,2,1
West Bank and Gaza,DB2019,59.7,,69.4,10,43,46.8,11,44,46.8,0,,56,,20,108,14.5,12,2,1,2,3,0,4,,74.2,,5,47,1614.8,5,1,1,1,1,0,1,5.4,9.3,1,17.1,,65,,7,35,3,14,5,1.5,4,3.5,0,,80,,,,,8,8,16,21,0,,44,,6,5,,,6,2,1,2,22,,68.9,,28,168,15.3,15,0,0.3,18,79,13,80,35.7,,86.7,,72,45,6,6,80,85,51,50,,,,,,,,52.5,,,540,25,440,75,27,17,8,2,4,2,0,0,2,,0,0,No Practice,No Practice,0,0,2,2,0,1
"Yemen, Rep.",DB2019,30.7,,67,6,40,118.8,7,41,118.8,0,,0,,No Practice,No Practice,No Practice,No Practice,No Practice,No Practice,No Practice,No Practice,No Practice,No Practice,,0,,No Practice,No Practice,No Practice,No Practice,No Practice,No Practice,No Practice,No Practice,No Practice,No Practice,No Practice,No Practice,No Practice,No Practice,,65.2,,6,19,1.8,7,1,2.5,0,3.5,0,,0,,,,,0,0,0,1.3,0,,26,,6,4,,,3,0,0,0,13,,74.1,,44,248,26.6,13.8,11.3,1.6,4,6,2,0,96.3,,0,,No Practice,No Practice,No Practice,No Practice,No Practice,No Practice,No Practice,No Practice,,,,,,,,48.5,,,645,30,400,215,30,20,4,6,4,2,0,0,2,,25.9,0,3,15,19.1,5,2,2,0,1
Zambia,DB2019,65.7,,85.1,7,8.5,32.8,7,8.5,32.8,0,,71.7,,10,188,2.6,10,2,1,1,2,0,4,,61.2,,5,117,2329.1,4,0,1,1,1,0,1,49.8,5.2,5,4.7,,49.1,,6,45,9.7,7,0,1.5,0,5.5,0,,95,,,,,11,8,19,0,10.9,,56,,4,6,,,7,3,4,4,28,,88.9,,11,158,15.6,2,10.4,3.1,10,20,3,0,85.9,,56.9,,96,72,120,120,200,175,370,380,,,,,,,,50.8,,,611,21,470,120,38.7,23.7,5,10,6.5,4.5,0,0.5,1.5,,42.4,0,1,9,49.8,5,2,2,0,1
Zimbabwe,DB2019,50.5,,66.5,9,32,110.7,9,32,110.7,0,,48.6,,10,208,22.7,10,1.5,0,2,3,0.5,3,,44.8,,6,106,2631.5,0,0,0,0,1,0,1,..,..,10,11.9,,58.2,,5,36,7.6,10,1,4,0,5,0,,55,,,,,5,6,11,7.1,33.6,,54,,8,2,,,5,6,3,3,27,,58.7,,51,242,31.6,17.6,5.6,8.3,56,48,4,0,52.4,,54.3,,99,81,88,228,170,150,285,562,,,,,,,,39.7,,,410,14,247,149,83.1,70,8,5.1,6.5,3,1,0.5,2,,25.3,0,3.3,22,18,5,3,2,0,0
