Economy,Year,Ease of doing business score (DB17-20 methodology),Score-Starting a business,Starting a Business - Procedures - Men (number),Starting a Business - Time - Men (days),Starting a Business - Cost - Men (% of income per capita),Starting a Business - Procedures - Women (number),Starting a Business - Time - Women (days),Starting a Business - Cost - Women (% of income per capita),Starting a Business - Paid-in Minimum capital (% of income per capita),Score-Dealing with construction permits (DB16-20 methodology),Score-Dealing with construction permits (DB06-15 methodology),Dealing with Construction Permits - Procedures (number),Dealing with Construction Permits - Time (days),Dealing with Construction Permits - Cost (% of Warehouse value),Dealing with Construction Permits - Building quality control index (0-15) (DB16-20 methodology),Dealing with Construction Permits - Quality of building regulations index (0-2) (DB16-20 methodology),Dealing with Construction Permits - Quality control before construction index (0-1) (DB16-20 methodology),Dealing with Construction Permits - Quality control during construction index (0-3) (DB16-20 methodology),Dealing with Construction Permits - Quality control after construction index (0-3) (DB16-20 methodology),Dealing with Construction Permits - Liability and insurance regimes index (0-2) (DB16-20 methodology),Dealing with Construction Permits - Professional certifications index (0-4) (DB16-20 methodology),Score-Getting electricity (DB16-20 methodology),Score-Getting electricity (DB10-15 methodology),Getting Electricity - Procedures (number),Getting Electricity - Time (days),Getting Electricity - Cost (% of income per capita),Getting Electricity - Reliability of supply and transparency of tariff index (0-8) (DB16-20 methodology),Getting Electricity - Total duration and frequency of outages per customer a year (0-3) (DB16-20 methodology),Getting Electricity - Mechanisms for monitoring outages (0-1) (DB16-20 methodology),Getting Electricity - Mechanisms for restoring service (0-1) (DB16-20 methodology),Getting Electricity - Regulatory monitoring (0-1) (DB16-20 methodology),Getting Electricity - Financial deterrents aimed at limiting outages (0-1) (DB16-20 methodology),Getting Electricity - Communication of tariffs and tariff changes (0-1) (DB16-20 methodology),Getting Electricity - System average interruption duration index (SAIDI) (DB16-20 methodology),Getting Electricity - System average interruption frequency index (SAIFI) (DB16-20 methodology),Getting Electricity - Minimum outage time (in minutes)  (DB16-20 methodology),Getting Electricity - Price of electricity (US cents per kWh) (DB16-20 methodology),Score-Registering property (DB17-20 methodology),Score-Registering property (DB05-15 methodology),Registering Property - Procedures (number),Registering Property - Time (days),Registering Property - Cost (% of property value),Registering Property - Quality of land administration index (0-30) (DB17-20 methodology),Registering Property - Reliability of infrastructure index (0-8) (DB17-20 methodology),Registering Property - Transparency of information index (0-6) (DB17-20 methodology),Registering Property - Geographic coverage index (0-8) (DB17-20 methodology),Registering Property - Land dispute resolution index (0-8) (DB17-20 methodology),Registering Property - Equal access to property rights index (-2-0) (DB17-20 methodology),Score-Getting credit (DB15-20 methodology),Score-Getting credit (DB05-14 methodology),Getting Credit - Strength of legal rights index (0-10) (DB05-14 methodology),Getting Credit - Depth of credit information index (0-6) (DB05-14 methodology),Getting Credit - Getting Credit total score (DB05-14 methodology),Getting Credit - Strength of legal rights index (0-12) (DB15-20 methodology) ,Getting Credit - Depth of credit information index (0-8) (DB15-20 methodology) ,Getting Credit - Getting Credit total score (DB15-20 methodology) ,Getting Credit - Credit registry coverage (% of adults),Getting Credit - Credit bureau coverage (% of adults),Score-Protecting minority investors (DB15-20 methodology),Score-Protecting minority investors (DB06-14 methodology),Protecting Minority Investors - Extent of disclosure index (0-10),Protecting Minority Investors - Extent of director liability index (0-10),Protecting Minority Investors - Ease of shareholder suits index (0-10) (DB06-14 methodology),Protecting Minority Investors - Strength of investor protection index (0-30) (DB06-14 methodology),Protecting Minority Investors - Ease of shareholder suits index (0-10) (DB15-20 methodology) ,Protecting Minority Investors - Extent of shareholder rights index (0-6) (DB15-20 methodology) ,Protecting Minority Investors - Extent of ownership and control index (0-7) (DB15-20 methodology) ,Protecting Minority Investors - Extent of corporate transparency index (0-7) (DB15-20 methodology) ,Protecting Minority Investors - Strength of minority investor protection index (0-50) (DB15-20 methodology) ,Score-Paying taxes (DB17-20 methodology),Score-Paying taxes (DB06-16 methodology),Paying Taxes - Payments (number per year),Paying Taxes - Time (hours per year),Paying Taxes - Total tax and contribution rate (% of profit),Paying Taxes - Profit tax (% of profit),Paying Taxes - Labor tax and contributions (% of profit),Paying Taxes - Other taxes (% of profit),Paying Taxes - Time to comply with VAT refund (hours) (DB17-20 methodology),Paying Taxes - Time to obtain VAT refund (weeks) (DB17-20 methodology),Paying Taxes - Time to comply with a corporate income tax correction (hours) (DB17-20 methodology),Paying Taxes - Time to complete a corporate income tax correction (weeks) (DB17-20 methodology),Paying Taxes - Score-Postfiling index (0-100) (DB17-20 methodology),Score-Trading across borders (DB16-20 methodology),Score-Trading across borders (DB06-15 methodology),Trading across Borders - Time to export: Documentary compliance (hours) (DB16-20 methodology),Trading across Borders - Time to import: Documentary compliance (hours) (DB16-20 methodology),Trading across Borders - Time to export: Border compliance (hours) (DB16-20 methodology),Trading across Borders - Time to import: Border compliance (hours) (DB16-20 methodology),Trading across Borders - Cost to export: Documentary compliance (USD) (DB16-20 methodology),Trading across Borders - Cost to import: Documentary compliance (USD) (DB16-20 methodology),Trading across Borders - Cost to export: Border compliance (USD) (DB16-20 methodology),Trading across Borders - Cost to import: Border compliance (USD) (DB16-20 methodology),Trading across Borders - Documents to export (number) (DB06-15 methodology),Trading across Borders - Documents to import (number) (DB06-15 methodology),Trading across Borders - Cost to export (US$ per container deflated) (DB06-15 methodology),Trading across Borders - Cost to import (US$ per container deflated) (DB06-15 methodology),Trading across Borders - Time to export (days) (DB06-15 methodology),Trading across Borders - Time to import (days) (DB06-15 methodology),Score-Enforcing contracts (DB17-20 methodology),Score-Enforcing contracts (DB04-15 methodology),Enforcing Contracts - Procedures (number) (DB04-15 methodology),Enforcing Contracts - Time (days),Enforcing Contracts - Filing and service (days),Enforcing Contracts - Trial and judgment (days),Enforcing Contracts - Enforcement of judgment (days),Enforcing Contracts - Cost (% of claim),Enforcing Contracts - Attorney fees (% of claim),Enforcing Contracts - Court fees (% of claim),Enforcing Contracts - Enforcement fees (% of claim),Enforcing Contracts - Quality of judicial processes index (0-18) (DB17-20 methodology),Enforcing Contracts - Court structure and proceedings (0-5) (DB17-20 methodology),Enforcing Contracts - Case management (0-6) (DB17-20 methodology),Enforcing Contracts - Court automation (0-4) (DB17-20 methodology),Enforcing Contracts - Alternative dispute resolution (0-3) (DB17-20 methodology),Score-Resolving insolvency,Resolving Insolvency - Outcome (0 as piecemeal sale and 1 as going concern),Resolving Insolvency - Time (years),Resolving Insolvency - Cost (% of estate),Resolving Insolvency - Recovery rate (cents on the dollar),Resolving Insolvency - Strength of insolvency framework index (0-16),Resolving Insolvency - Commencement of proceedings index (0-3) (DB15-20 methodology),Resolving Insolvency - Management of debtor's assets index (0-6) (DB15-20 methodology),Resolving Insolvency - Reorganization proceedings index (0-3) (DB15-20 methodology),Resolving Insolvency - Creditor participation index (0-4) (DB15-20 methodology)
Afghanistan,DB2018,37.1,82.6,4,8,82.3,5,9,82.3,0,33.7,,13,199,71.7,2.5,0.5,1,0,0,1,0,44.6,,6,114,2426.7,0,0,1,0,0,0,0,..,..,N/A,18.6,27.5,,9,250,5,3,0,0,0,3,0,45,,,,,9,0,9,1,0,10,,1,1,,,3,0,0,0,5,42,,19,275,71.4,0,0,71.4,No VAT,No VAT,208,38,0,30.6,,228,324,48,96,344,900,453,750,,,,,,,31.8,,,1642,40,1420,182,29,24,5,0,5,2,1,0,2,23.6,0,2,25,26.5,3,2,0,0,1
Albania,DB2018,66.8,91.5,5,5,12,5,5,12,0,52.6,,19,324,6.9,13,2,1,2,3,2,3,64.5,,6,71,513,3,0,0,0,1,1,1,87.2,45.9,5,9.1,62.2,,5,19,9.6,16.5,6,2.5,0,8,0,70,,,,,8,6,14,51.6,0,46,,9,7,,,7,0,0,0,23,64.8,,35,255,37.3,14,18.8,4.4,9,37,18,15,60.1,96.3,,6,8,9,10,10,10,55,77,,,,,,,54.3,,,525,45,300,180,33.1,25,5.7,2.4,6,2,1.5,1,1.5,66.1,0,2,10,41.6,14,3,6,3,2
Algeria,DB2018,46.2,77.9,12,18,12.5,12,18,12.5,0,62.9,,19,136,8.1,12,2,1,2,3,2,2,62,,5,180,863.1,5,1,1,1,1,0,1,5.2,9.5,3,2.6,43.8,,10,55,7.1,7,1,1,0,5,0,10,,,,,2,0,2,2.9,0,20,,4,1,,,5,0,0,0,10,53.9,,27,265,66.1,8.1,31.1,26.9,No VAT refund per case study scenario,No VAT refund per case study scenario,2,0,49.8,27.7,,149,249,80,327,374,400,593,409,,,,,,,54.8,,,630,21,390,219,21.8,10,7.4,4.4,5.5,3,0,0,2.5,49.2,0,1.3,7,50.8,7,3,2,1,1
Angola,DB2018,39,78.6,8,36,17.4,8,36,17.4,0,64.6,,12,184,1.6,6,1,1,0,2,1,1,44.1,,7,121,989.9,0,0,0,0,1,1,0,5.2,2.3,15,6,42.9,,6,190,3,7,1,2,0,4,0,5,,,,,1,0,1,1.9,0,32,,4,6,,,6,0,0,0,16,69.5,,31,287,49.1,21.5,9,18.6,No VAT,No VAT,7,0,95,25.3,,169,180,192,96,240,460,825,1030,,,,,,,28.1,,,1296,86,770,440,44.4,22.2,22.2,0,5.5,1.5,1.5,0,2.5,0,0,No Practice,No Practice,0,0,2,4,0,0
Antigua and Barbuda,DB2018,59.8,81.7,9,22,9.1,9,22,9.1,0,65.5,,19,144,1.6,9,2,0,1,2,0,4,80.4,,4,42,114.9,4,1,1,1,0,0,1,6.5,10.5,1,43.2,56.6,,7,32,10.8,19,6,1.5,4,7.5,0,25,,,,,5,0,5,0,0,58,,4,8,,,8,3,4,2,29,58.7,,57,192,41.9,25.9,10.7,5.3,12,53,3,0,69.4,68.7,,51,48,61,61,121,100,546,546,,,,,,,68.1,,,476,21,365,90,27.1,17.5,7,2.6,11.5,4.5,3,1.5,2.5,35.3,0,3,7,36.5,5,2,2,0,1
Argentina,DB2018,57.3,73.6,14,24.5,10.4,14,24.5,10.4,0,49,,21,365,3.2,11,2,1,2,3,1,2,70,,6,92,24.5,5,0,1,1,1,1,1,4.5,16.2,3,10.6,56.7,,7,51.5,6.6,13.5,5,2.5,2,4,0,50,,,,,2,8,10,44.8,80,62,,7,2,,,6,6,5,5,31,49.3,,9,312,106,3.9,29.3,72.8,No VAT refund per case study scenario,No VAT refund per case study scenario,6,0,47.9,65.6,,27,192,21,60,60,120,150,1200,,,,,,,55.7,,,995,90,540,365,22.5,15,6.5,1,11.5,4.5,4,1,2,41.2,0,2.4,16.5,21.5,9.5,2.5,4,2,1
Armenia,DB2018,71.5,94.3,4,5,0.9,4,5,0.9,0,67.8,,20,99,1.6,9,2,1,2,3,0,1,84.8,,3,127,78.9,7,2,1,1,1,1,1,3.8,3.3,1,8,87.8,,3,7,0.2,21.5,6,4.5,4,7,0,70,,,,,6,8,14,0,77.2,38,,5,6,,,8,0,0,0,19,72.5,,14,313,18.5,17.6,0,0.8,No VAT refund per case study scenario,No VAT refund per case study scenario,4,0,49.1,90.8,,2,2,39,3,100,100,100,0,,,,,,,66,,,570,30,420,120,16,12,4,0,9.5,2,2.5,2,3,43,0,1.9,11,36.4,7.5,2.5,2,2,1
Australia,DB2018,80.8,96.5,3,2.5,0.7,3,2.5,0.7,0,84.4,,11,121,0.9,14,2,1,3,3,1,4,82.3,,5,75,12.4,7,2,1,1,1,1,1,1.3,0.7,1,17.2,76.4,,4,3.5,5.2,20,7,3.5,4,5.5,0,90,,,,,11,7,18,0,100,64,,8,2,,,8,4,3,7,32,85.6,,11,105,47.5,26,21.1,0.4,5,8,2,0,95.3,70.6,,7,4,36,39,264,100,749,525,,,,,,,79,,,402,14,328,60,23.2,18.5,4.5,0.2,15.5,4.5,5.5,3,2.5,78.8,1,1,8,82.5,11,2.5,5,0.5,3
Austria,DB2018,78.7,83.1,8,21,5.1,8,21,5.1,12.5,75,,11,222,1.2,13,2,0,2,3,2,4,87.7,,5,23,93.5,7,3,1,1,1,0,1,0.7,0.7,3,8.9,80,,3,20.5,4.6,23,7,3,8,5,0,55,,,,,4,7,11,2.2,52.8,70,,5,5,,,7,5,7,6,35,83.3,,12,131,51.8,17,34.2,0.6,2,3,3,0,98.5,100,,1,1,0,0,0,0,0,0,,,,,,,75.5,,,397,30,277,90,20.6,13.6,6.5,0.5,13,4.5,4,2,2.5,77.4,1,1.1,10,80,11,2.5,5.5,1,2
Azerbaijan,DB2018,66.8,96.1,3,3.5,1.6,3,3.5,1.6,0,60.5,,19,196,6.6,12,2,1,2,3,0,4,69.3,,7,56,171.8,5,2,1,1,0,0,1,1,1.7,3,6.1,69.1,,3,5.5,9,16.5,7,2.5,0,7,0,40,,,,,2,6,8,37.5,0,46,,10,5,,,8,0,0,0,23,84.2,,6,195,39.8,13,24.8,2,8,28,3,0,83.8,75.1,,33,38,29,30,250,200,214,300,,,,,,,65.7,,,277,27,160,90,18.5,16.4,1.1,1,5.5,3,1,1.5,0,62.3,0,1.5,12,40.2,13,3,5,2,3
"Bahamas, The",DB2018,58.6,84.2,7,21.5,13.8,7,21.5,13.8,0,70.5,,17,180,1.1,12,2,1,2,3,0,4,73.5,,5,67,124.1,4,1,1,1,1,0,0,6.9,8.5,5,27.7,42.8,,7,122,4.6,3,0,2.5,0,0.5,0,30,,,,,6,0,6,0,0,46,,2,5,,,8,5,1,2,23,74.2,,31,233,31.5,0,6.3,25.2,5,20,No corporate income tax,No corporate income tax,79.3,53.1,,12,6,36,51,550,550,512,1385,,,,,,,59.1,,,545,20,345,180,28.9,18,2.9,8,8,4.5,1,0.5,2,52.9,1,3,12,63.5,6,2,3,0,1
Bahrain,DB2018,69.1,89.6,6,8,1,7,9,1,2.9,73.7,,11,174,3.7,12,2,1,2,3,1,3,78,,5,85,57,6,3,1,1,0,0,1,0.7,0.4,1,5.1,81.1,,2,31,1.7,17.5,6,1.5,4,6,0,45,,,,,1,8,9,0,27.8,52,,8,4,,,4,4,3,3,26,93.9,,14,29,13.8,0,13.5,0.3,No VAT,No VAT,No corporate income tax,No corporate income tax, ,76,,24,84,71,54,100,130,47,397,,,,,,,57.3,,,635,30,545,60,14.7,10,3.4,1.3,5.5,1.5,2,0,2,44.4,0,2.5,9.5,41.9,7,2,4,0,1
Bangladesh,DB2018,41.6,80.6,9,19.5,22.9,9,19.5,22.9,0,60.6,,16,274,2,10,2,1,2,3,0,2,22.8,,9,224,2200.6,0,0,0,0,1,0,0,..,..,N/A,9.2,28.9,,8,271,7.2,6.5,0,3.5,0,3,0,25,,,,,5,0,5,0.9,0,60,,6,7,,,7,4,3,3,30,56.1,,33,435,33.4,31.1,0,2.3,58,18,37,9,44.4,31.8,,147,144,168,216,225,370,408,900,,,,,,,22.2,,,1442,30,1047,365,66.8,40,8.3,18.5,7.5,3,1,0.5,3,27.7,0,4,8,28.3,4,2,2,0,0
Bangladesh - Chittagong,DB2018,42.3,80.6,9,19.5,22.9,9,19.5,22.9,0,63.3,,15,247,1.9,10,2,1,2,3,0,2,27.2,,7,251,1994.6,0,0,0,0,1,0,0,..,..,N/A,9.2,28.8,,8,295,7.2,6.5,0,3.5,0,3,0,25,,,,,5,0,5,0.9,0,60,,6,7,,,7,4,3,3,30,56.1,,33,435,33.4,31.1,0,2.3,58,18,37,9,44.3,31.8,,147,144,168,216,225,370,408,900,,,,,,,22.2,,,1442,30,1047,365,66.8,40,8.3,18.5,7.5,3,1,0.5,3,27.7,0,4,8,28.3,4,2,2,0,0
Bangladesh - Dhaka,DB2018,41.4,80.6,9,19.5,22.9,9,19.5,22.9,0,59.8,,16,281,2,10,2,1,2,3,0,2,21.5,,9,216,2258.6,0,0,0,0,1,0,0,..,..,N/A,9.2,28.9,,8,264,7.2,6.5,0,3.5,0,3,0,25,,,,,5,0,5,0.9,0,60,,6,7,,,7,4,3,3,30,56.1,,33,435,33.4,31.1,0,2.3,58,18,37,9,44.4,31.8,,147,144,168,216,225,370,408,900,,,,,,,22.2,,,1442,30,1047,365,66.8,40,8.3,18.5,7.5,3,1,0.5,3,27.7,0,4,8,28.3,4,2,2,0,0
Barbados,DB2018,57.7,86.3,7,16,7.6,7,16,7.6,0,56.6,,9,377,0.2,6.5,2,0,0,3,0.5,1,65.1,,8,88,64,6,1,1,1,1,1,1,5,5.7,5,24.5,59.3,,7,39,4.5,10.5,4,2,0,4.5,0,30,,,,,6,0,6,0,0,38,,2,2,,,7,3,1,4,19,71.9,,29,245,35.3,20,12.2,3.1,0,56,4,0,74.1,61.7,,54,46,41,104,109,150,486,1776,,,,,,,38,,,1340,20,1020,300,19.7,15,0.7,4,6.5,3,1,0.5,2,69.8,1,1.8,15,65.8,11,2.5,4.5,1,3
Belarus,DB2018,73.6,91.9,5,9,0.6,5,9,0.6,0,70.2,,20,159,1.5,13,2,1,2,3,1,4,90.2,,3,105,110,8,3,1,1,1,1,1,0.3,0.3,0.5,17.1,87.8,,4,5,0,23.5,7,4.5,4,8,0,50,,,,,3,7,10,72.2,0,60,,7,2,,,8,3,5,5,30,70.8,,7,184,52.9,10.8,39,3.1,No VAT refund per case study scenario,No VAT refund per case study scenario,1,0,50,96,,4,4,7,0,60,0,108,0,,,,,,,67.6,,,275,50,135,90,23.4,12,11.4,0,7.5,2.5,2.5,0,2.5,51.3,0,1.5,17,37.2,10,2,5.5,0.5,2
Belgium,DB2018,72.2,91.4,5,4.5,5.6,5,4.5,5.6,16.8,75.4,,10,212,1,12,2,1,2,3,2,2,67.3,,6,201,101.1,8,3,1,1,1,1,1,0.4,0.4,3,16.7,51.4,,8,56,12.7,22.5,5,3.5,8,6,0,45,,,,,4,5,9,95.5,0,68,,8,6,,,7,4,3,6,34,77.7,,11,136,57.1,10.3,46.2,0.6,5,29,6,0,83.5,100,,1,1,0,0,0,0,0,0,,,,,,,64.3,,,505,15,400,90,18,10,5,3,8,4.5,1,0,2.5,81.5,1,0.9,3.5,84.6,11.5,2.5,6,1,2
Belize,DB2018,55.3,72,9,48,34.6,9,48,34.6,0,64.2,,16,142,2.5,7,2,1,0,3,0,1,73,,5,66,317.1,4,0,1,1,1,0,1,43.7,19.8,5,19.4,52.4,,9,60,4.8,11,5,2.5,0,3.5,0,20,,,,,4,0,4,0,0,28,,3,4,,,7,0,0,0,14,79.9,,29,147,31.1,24.7,5,1.3,5,19,4,5,85.1,67.4,,38,36,96,48,50,75,710,688,,,,,,,50.1,,,892,30,562,300,27.5,17.5,2,8,8,2.5,1.5,1.5,2.5,45.7,1,2,22.5,55.9,5,2,1,0,2
Benin,DB2018,51.6,90.6,5,8,3.6,6,9,3.7,5.4,70.2,,14,88,5.1,9,2,1,0,2,2,2,33.8,,5,90,12304.6,0,0,0,0,0,0,1,..,..,N/A,20.7,54.1,,4,120,3.5,6.5,0,2.5,0,4,0,30,,,,,6,0,6,0.7,0,42,,7,1,,,5,4,2,2,21,49.3,,54,270,48.9,11.9,26.4,10.6,No VAT refund per case study scenario,No VAT refund per case study scenario,3,0,49.3,68.9,,48,59,78,82,80,110,354,599,,,,,,,36.3,,,750,30,405,315,64.7,17.3,36.5,10.9,6,3,1,0,2,40.5,0,4,21.5,22.9,9,2,5.5,0.5,1
Bhutan,DB2018,65.8,86.3,8,12,3.9,8,12,3.9,0,68.7,,21,150,1.1,12,2,1,2,3,0,4,77.2,,4,61,461.4,4,1,0,0,1,1,1,11,6.1,5,5.5,72.6,,3,77,5,23,7,2,8,6,0,55,,,,,4,7,11,0,25.9,46,,4,4,,,6,3,3,3,23,87.6,,18,95,35.3,33.9,0,1.4,No VAT,No VAT,3,2,95.5,94.2,,9,8,5,5,50,50,59,110,,,,,,,70,,,225,20,90,115,23.1,23,0.1,0,8,2.5,3,0,2.5,0,0,No Practice,No Practice,0,0,2,1,0,1
Bolivia,DB2018,51,67.8,12,41,46.6,12,41,46.6,0,59.8,,15,235,1.4,7,1,1,2,2,1,0,68.1,,8,42,705.8,6,1,1,1,1,1,1,6.5,7.3,3,18.1,49.9,,7,90,4.7,7,2,1.5,0,3.5,0,35,,,,,0,7,7,16.1,49.8,38,,1,5,,,6,4,1,2,19,21.6,,42,1025,83.7,0,18.8,64.8,No VAT refund per case study scenario,No VAT refund per case study scenario,2,0,50,71.6,,144,72,48,114,25,30,65,315,,,,,,,55.6,,,591,40,401,150,25,10,10,5,6,2,1.5,0,2.5,42.3,0,1.8,14.5,40.9,6.5,2.5,3,1,0
Bosnia and Herzegovina,DB2018,65.2,59.6,13,80,16.1,13,80,16.1,12,48.6,,17,180,22.7,13,2,1,2,3,1,4,78.8,,5,69,338.8,6,2,1,1,1,0,1,2.3,0.6,3,13.6,63.2,,7,35,5.2,16,5,3.5,2,5.5,0,65,,,,,7,6,13,41.5,12.1,56,,3,6,,,5,4,5,5,28,60.4,,33,411,23.7,8.4,13.5,1.7,40,19,30,15,47.7,95.7,,4,8,5,6,22,27,70,109,,,,,,,57.8,,,595,30,385,180,36,25,8,3,9.5,5,2.5,0,2,67.3,0,3.3,9,37.9,15,3,6,3,3
Botswana,DB2018,65.7,76.2,9,48,0.7,9,48,0.7,0,71.2,,20,106,0.4,10.5,1.5,0,2,3,0,4,59.4,,5,77,283.8,0,0,1,0,0,0,1,..,..,N/A,13.2,65.9,,4,27,5.1,10.5,1,2.5,4,3,0,60,,,,,5,7,12,0,54,60,,7,8,,,3,4,3,5,30,80,,34,120,25.1,21.5,0,3.6,10,26,4,0,82.7,86.7,,18,3,5,4,179,67,317,98,,,,,,,50,,,660,30,550,80,39.8,35,3.3,1.5,7,2.5,2.5,0,2,47.8,1,1.7,18,65.5,4,3,1,0,0
Brazil,DB2018,55.6,64.8,11,82.5,4.8,11,82.5,4.8,0,52.1,,19,338,1,8.4,2,1,0,2.4,1,2,70.8,,5,128,220.9,5,0,1,1,1,1,1,12.6,5.9,3,15.4,52.6,,14,31,3.2,13.8,5,3.7,2,3.5,0,45,,,,,2,7,9,75.6,79.3,62,,5,8,,,4,4,4,6,31,34.4,,10,1958,65.1,22.4,39.4,3.3,No VAT refund per case study scenario,No VAT refund per case study scenario,39,87,7.8,63,,12,48,49,51,226,107,862,822,,,,,,,64.1,,,801,41,550,210,22,13.9,7,1.1,13.1,4.1,3,3,3,47.5,1,4,12,12.7,13,2.5,5.5,2,3
Brazil - Rio de Janeiro,DB2018,57.1,72.6,11,48,6,11,48,6,0,58.5,,18,267,0.9,9,2,1,0,3,1,2,74,,5,123,0.5,6,1,1,1,1,1,1,11.2,5.8,3,17.2,52.2,,13,41.5,2.5,13.5,4,4,2,3.5,0,45,,,,,2,7,9,75.6,79.3,62,,5,8,,,4,4,4,6,31,34.4,,9,1958,65.7,22.1,39.4,4.2,No VAT refund per case study scenario,No VAT refund per case study scenario,39,87,7.8,63,,12,48,49,51,226,107,862,822,,,,,,,62,,,911,41,660,210,24,15.9,7,1.1,14,5,3,3,3,47.5,1,4,12,12.7,13,2.5,5.5,2,3
Brazil - São Paulo,DB2018,54.7,59.8,11,104.5,4,11,104.5,4,0,47.9,,19,384,1.1,8,2,1,0,2,1,2,68.8,,5,132,361.8,5,0,1,1,1,1,1,13.5,5.9,3,14.2,52.8,,14,25,3.6,14,5,3.5,2,3.5,0,45,,,,,2,7,9,75.6,79.3,62,,5,8,,,4,4,4,6,31,34.4,,10,1958,64.7,22.6,39.4,2.7,No VAT refund per case study scenario,No VAT refund per case study scenario,39,87,7.8,63,,12,48,49,51,226,107,862,822,,,,,,,65.4,,,731,41,480,210,20.7,12.6,7,1.1,12.5,3.5,3,3,3,47.5,1,4,12,12.7,13,2.5,5.5,2,3
Brunei Darussalam,DB2018,67.7,90.2,5,12,1.1,6,13,1.1,0,73.6,,20,83,1.8,12,2,1,2,3,0,4,82.3,,6,36,41.5,7,3,1,1,0,1,1,0.5,0.4,1,5.2,51.5,,7,298.5,0.6,18,5,4.5,4,4.5,0,95,,,,,12,7,19,71.9,0,40,,4,8,,,8,0,0,0,20,69.4,,15,64,8,0.1,7.9,0,No VAT,No VAT,137,65,0,58.7,,155,132,117,48,90,50,340,395,,,,,,,60.9,,,540,50,400,90,36.6,30,3.6,3,10.5,3,3,2.5,2,55.1,0,2.5,3.5,47.2,9.5,3,5,1.5,0
Bulgaria,DB2018,71.7,85.4,7,23,1.2,7,23,1.2,0,75,,18,97,4.2,14,2,1,2,3,2,4,54.8,,6,262,468.4,6,1,1,1,1,1,1,5,4.1,3,9,69.3,,8,19,2.9,19,6,4,4,5,0,65,,,,,8,5,13,74.3,0,74,,10,2,,,8,6,4,7,37,72.1,,14,453,27.1,5,20.2,1.9,15,25,13,8,70.5,97.4,,2,1,4,1,52,0,55,0,,,,,,,67,,,564,105,334,125,18.6,10,5.6,3,10.5,3.5,2.5,2,2.5,56.9,0,3.3,9,36,12,2.5,3,2.5,4
Burkina Faso,DB2018,51.2,88.2,3,13,42.6,3,13,42.6,6.7,68.2,,15,121,8,12,1,1,2,3,2,3,29.4,,4,169,9438.4,0,0,1,1,1,0,1,..,..,N/A,24.2,50.4,,4,67,12,11.5,2,3,0,6.5,0,30,,,,,6,0,6,0.4,0.3,42,,7,1,,,5,4,2,2,21,55.9,,45,270,41.3,16.2,21.4,3.6,No VAT refund per case study scenario,No VAT refund per case study scenario,3,0,49.3,66.6,,84,96,75,102,86,197,261,265,,,,,,,40.1,,,446,21,196,229,81.7,53.6,8.8,19.3,7,4,1,0,2,40.7,0,4,21,23.3,9,2,5.5,0.5,1
Burundi,DB2018,45.9,91.9,3,4,33.9,3,4,33.9,0,52.8,,15,70,12.5,4,0,0,1,2,1,0,26.4,,5,158,15517.3,0,0,0,0,0,0,0,..,..,N/A,11.1,62.5,,5,23,3.1,4.5,1,0,0,3.5,0,10,,,,,2,0,2,4.6,0,34,,8,7,,,2,0,0,0,17,60.3,,25,232,41.5,28.4,10.2,3,No VAT refund per case study scenario,No VAT refund per case study scenario,13,21,28.2,47.3,,120,180,59,154,150,1025,109,444,,,,,,,43,,,832,22,395,415,36.1,20,10,6.1,5,3,0.5,0,1.5,30.7,0,5,30,7.7,8.5,2.5,4,1,1
Cabo Verde,DB2018,54,81.9,9,18,15.4,9,18,15.4,0,73.4,,17,115,1.2,11,1,1,2,3,2,2,49.9,,7,81,1538.1,1,0,0,0,1,0,0,24.4,30,0,25.1,66.6,,6,22,2.3,10,2,3,0,5,0,35,,,,,1,6,7,19.6,0,24,,1,5,,,6,0,0,0,12,75.1,,30,180,36.6,18.6,17.6,0.4,6,35,4,0,80.7,69.1,,24,24,72,60,125,125,641,588,,,,,,,64.8,,,425,45,180,200,19.8,10,3,6.8,7.5,2.5,3,0,2,0,0,No Practice,No Practice,0,0,2.5,4.5,1,2
Cambodia,DB2018,53.4,51.9,9,99,51.3,9,99,51.3,82.5,41.9,,20,652,5.2,8,2,1,2,2,0,1,56.6,,4,179,1993.2,3,0,0,1,1,0,1,22.8,18.7,5,17.5,55,,7,56,4.3,7.5,2,0.5,0,5,0,80,,,,,10,6,16,0,49.9,40,,6,10,,,4,0,0,0,20,61.3,,40,173,21.7,19.4,0.5,1.8,21,64,31,39,26,67.3,,132,132,48,8,100,120,375,240,,,,,,,31.7,,,483,63,250,170,103.4,95.8,1,6.6,4.5,1,1,0,2.5,48.2,0,6,18,14.2,13,3,4,3,3
Cameroon,DB2018,45.1,82.4,6,16,35.5,7,17,36,16.6,52.8,,16,135,21.1,13,2,1,2,2,2,4,60.3,,4,64,1776.9,0,0,0,0,1,1,1,..,..,N/A,17.1,38.9,,5,86,14,7,2,2.5,0,3.5,-1,60,,,,,6,6,12,8,0,28,,7,1,,,6,0,0,0,14,36.3,,44,624,57.7,38.9,18.3,0.5,No VAT refund per case study scenario,No VAT refund per case study scenario,3,0,49.3,16,,66,163,202,271,306,849,983,1407,,,,,,,39,,,800,30,410,360,46.6,21.3,11.8,13.5,4.5,2.5,0,0,2,36.7,0,2.8,33.5,16,9,2,5.5,0.5,1
Canada,DB2018,79.3,98.2,2,1.5,0.4,2,1.5,0.4,0,72.9,,12,249,1.9,14,2,1,2,3,2,4,63.8,,7,137,125.3,6,2,1,1,1,0,1,0.9,1.3,1,14.2,77.8,,5,4,3.8,21.5,7,3,6,5.5,0,85,,,,,9,8,17,0,100,84,,8,9,,,9,4,6,6,42,88.1,,8,131,20.9,3.8,12.9,4.2,8,14,15,15,73.2,88.4,,1,1,2,2,156,163,167,172,,,,,,,53.4,,,910,30,730,150,22.3,15,5.3,2,9,4,2,1,2,81.5,1,0.8,7,87.5,11,2.5,4.5,1,3
Central African Republic,DB2018,32.4,37,10,22,154.7,10,22,154.7,446.7,34.1,,17,219,29.5,6,0,1,1,2,0,2,24.6,,7,98,12688.1,0,0,0,0,0,0,0,..,..,N/A,10.2,41.9,,5,75,11,3,0,0,0,3,0,30,,,,,6,0,6,3.3,0,26,,7,1,,,5,0,0,0,13,18.9,,56,483,73.3,0,19.8,53.6,No VAT refund per case study scenario,No VAT refund per case study scenario,66,25,5.1,52.4,,48,120,141,122,60,500,280,709,,,,,,,30.5,,,660,30,280,350,82,31.3,12.4,38.3,5,3,0,0,2,28.1,0,4.8,76,0,9,2,5.5,0.5,1
Chad,DB2018,35.5,50.3,9,60,171.3,9,60,171.3,25.8,46.9,,14,226,19.1,11.5,1.5,0,2,3,2,3,32.2,,6,67,9821.1,0,0,0,0,0,0,0,..,..,N/A,23.2,44.2,,6,44,13.4,8.5,3,1.5,0,5,-1,30,,,,,6,0,6,2.4,0,24,,7,1,,,4,0,0,0,12,17.9,,54,766,63.5,31.3,28.4,3.8,No VAT refund per case study scenario,No VAT refund per case study scenario,46,21,13.1,37,,87,172,106,242,188,500,319,965,,,,,,,44.6,,,743,35,320,388,45.7,23.5,13.8,8.4,6.5,4.5,0,0,2,28.1,0,4,60,0,9,2,5.5,0.5,1
Chile,DB2018,72,87.2,8,7.5,5.9,8,7.5,5.9,0,75.8,,12,195,1.3,13,2,1,2,3,1,4,85.7,,5,43,50.4,7,2,1,1,1,1,1,3.4,1.3,3,9.9,71.1,,6,28.5,1.1,14,2,3.5,4,5.5,-1,55,,,,,4,7,11,49.5,14.3,66,,8,6,,,7,6,4,2,33,75.8,,7,291,33,25.2,5.1,2.6,26,38,31,0,57,80.6,,24,36,60,54,50,50,290,290,,,,,,,62.8,,,521,71,270,180,25.6,15,5,5.6,9,3,3.5,1,1.5,59.5,0,2,14.5,40.8,12,2.5,4.5,2,3
China,DB2018,65.2,85.4,7,23,1.5,7,23,1.5,0,41.2,,28,262,7.8,9.6,1.6,1,2,3,2,0,65.7,,5,143,356,5,2,1,1,1,0,0,1.4,0.3,3,15.4,75,,5,23,4.6,22.5,7,4,4,7.5,0,60,,,,,4,8,12,95.3,0,56,,10,1,,,4,4,3,6,28,63.3,,9,207,66.5,11.3,48.1,7,No VAT refund per case study scenario,No VAT refund per case study scenario,4,0,49.1,70.7,,21,66,26,92,85,126,484,745,,,,,,,79,,,496,33,224,240,16.2,8.7,5,2.5,15.5,5,4.5,3,3,55.8,0,1.7,22,36.9,11.5,3,5,2.5,1
China - Beijing,DB2018,65.2,85.1,7,24,1.5,7,24,1.5,0,43.5,,28,214.5,7.9,9,1,1,2,3,2,0,63.7,,6,141,356.2,5,2,1,1,1,0,0,1.2,0.4,3,18.7,76.7,,5,13,4.6,23,7,4.5,4,7.5,0,60,,,,,4,8,12,95.3,0,56,,10,1,,,4,4,3,6,28,63.2,,9,207,66.7,11.3,48.7,6.7,No VAT refund per case study scenario,No VAT refund per case study scenario,4,0,49.1,69,,30,80,30,117,78,151,425,690,,,,,,,79.1,,,510,30,240,240,17.5,10,5,2.5,16,5,5,3,3,55.8,0,1.7,22,36.9,11.5,3,5,2.5,1
China - Shanghai,DB2018,65.2,85.6,7,22,1.4,7,22,1.4,0,39.3,,28,300.5,7.6,10,2,1,2,3,2,0,67.4,,5,145,355.8,5,2,1,1,1,0,0,1.5,0.2,3,12.7,73.6,,5,32,4.6,22,7,3.5,4,7.5,0,60,,,,,4,8,12,95.3,0,56,,10,1,,,4,4,3,6,28,63.3,,9,207,66.3,11.4,47.6,7.3,No VAT refund per case study scenario,No VAT refund per case study scenario,4,0,49.1,72.1,,14,54,23,72,90,105,533,790,,,,,,,78.8,,,485,35,210,240,15.1,7.6,5,2.5,15,5,4,3,3,55.8,0,1.7,22,36.9,11.5,3,5,2.5,1
Colombia,DB2018,69,85.3,8,11,14,8,11,14,0,68.7,,13,132,7.2,11,2,1,0,3,2,3,74.2,,5,106,542.3,6,1,1,1,1,1,1,6.3,5.8,3,14.4,71.2,,7,15,2,16.5,6,3.5,2,5,0,90,,,,,11,7,18,0,94.5,80,,9,7,,,8,4,7,5,40,57.9,,12,239,72.3,21.8,18.6,31.8,No VAT refund per case study scenario,No VAT refund per case study scenario,6,0,48.2,61.8,,60,64,112,112,90,50,630,545,,,,,,,34.3,,,1288,68,855,365,45.8,23.2,10.5,12.1,9,3.5,1.5,1.5,2.5,66.9,1,1.7,8.5,66.2,10,3,5.5,0.5,1
Comoros,DB2018,46.9,72,9,16,84.1,9,16,84.1,29.1,66.7,,11,107,2.5,4,0,1,0,2,1,0,57.6,,3,120,2050.5,0,0,0,0,0,0,0,..,..,N/A,27.4,57.7,,4,30,8.1,7,2,0,0,5,0,40,,,,,6,2,8,9.8,0,26,,7,1,,,5,0,0,0,13,49.9,,33,100,216.5,32.1,0,184.5,No VAT,No VAT,12,21,57.3,66.9,,50,26,51,70,124,93,651,765,,,,,,,32,,,506,21,425,60,89.4,30.1,40.2,19.1,5,3,0,0,2,0,0,No Practice,No Practice,0,0,2,5.5,0.5,1
"Congo, Dem. Rep.",DB2018,34.6,89.8,4,7,28.6,4,7,28.6,9.7,51.6,,13,122,16.1,7,2,1,1,2,1,0,34.7,,6,44,14946.5,0,0,0,0,0,0,0,..,..,N/A,10,44.6,,8,38,11.3,9,1,4,0,5,-1,30,,,,,6,0,6,0.7,0,22,,7,1,,,3,0,0,0,11,39.4,,52,346,54.6,27.5,12.6,14.5,No VAT refund per case study scenario,No VAT refund per case study scenario,23,17,27.1,1.3,,314,216,515,588,500,765,2223,3039,,,,,,,32.4,,,610,20,300,290,80.6,70,7.8,2.8,5,2.5,0.5,0,2,0,0,No Practice,No Practice,0,0,2,5.5,0.5,1
"Congo, Rep.",DB2018,37.9,63.8,10,49,77.7,11,50,77.7,2.9,59.6,,13,164,10.6,9.5,0.5,1,2,2,2,2,28.4,,6,134,6957.7,0,0,0,0,0,0,0,..,..,N/A,10.6,38.2,,5,54,16.1,3.5,0,1,0,3.5,-1,35,,,,,6,1,7,11.9,0,26,,7,1,,,5,0,0,0,13,26.8,,50,602,54.3,0,31.3,22.9,No VAT refund per case study scenario,No VAT refund per case study scenario,37,28,12.3,19.7,,120,208,276,397,165,310,1975,1581,,,,,,,43.1,,,560,18,242,300,53.2,34.7,12.5,6,4.5,2.5,0,0,2,38,0,3.3,25,18.3,9,2,5.5,0.5,1
Costa Rica,DB2018,69.3,81.6,9,22.5,8.6,9,22.5,8.6,0,70.7,,17,138,2,11,2,1,2,3,1,2,88.2,,5,45,168.1,8,3,1,1,1,1,1,0,0,5,14.6,74.4,,5,11,3.4,17.5,5,3.5,4,5,0,85,,,,,10,7,17,32.2,100,48,,5,5,,,8,2,3,1,24,78,,10,151,58.3,19.2,32.7,6.4,6,23,3,0,87.2,79.3,,24,26,20,80,80,75,375,420,,,,,,,53.3,,,852,45,547,260,24.3,20,1.4,2.9,8.5,3,2.5,0.5,2.5,34.4,0,3,14.5,29.1,6,3,2,0,1
Côte d'Ivoire,DB2018,53,90,5,8,16.5,5,8,16.5,2.8,55.6,,22,163,6,9,2,0,2,2,1,2,55.6,,8,55,2280.8,4,0,1,1,1,1,0,15,19,5,12,56.7,,6,30,7.4,9.5,3,1.5,0,6,-1,30,,,,,6,0,6,0.3,4,42,,7,1,,,5,4,2,2,21,44,,63,270,50.1,8.8,23.3,17.9,64,54,14,0,44.9,52.4,,84,89,239,125,136,267,423,456,,,,,,,55.7,,,525,25,150,350,41.7,16.7,15,10,8.5,4.5,1.5,0,2.5,47.8,0,2.2,18,36.6,9,2,5.5,0.5,1
Croatia,DB2018,72.6,82.5,8,22.5,7.2,8,22.5,7.2,12.5,54.8,,22,146,11.7,12,2,0,2,3,1,4,83.6,,4,65,298.5,6,1,1,1,1,1,1,5,1.7,3,17.1,73.1,,5,48,4,22.5,5,3.5,8,6,0,55,,,,,5,6,11,0,100,70,,5,6,,,6,6,7,5,35,81.4,,13,206,20.6,0,19.4,1.2,0,6,37,20,66.7,100,,1,1,0,0,0,0,0,0,,,,,,,70.6,,,650,50,365,235,15.2,8.6,4,2.6,13,5,3.5,2,2.5,55.1,0,3.1,14.5,32.7,12,3,4,3,2
Cyprus,DB2018,72.3,91.2,5,6,12.4,5,6,12.4,0,64,,8,507,1.1,11,1,1,2,3,0,4,78.3,,5,137,133.2,8,3,1,1,1,1,1,0.5,0.2,5,17.5,68,,7,9,7.6,23,7,2.5,8,5.5,0,60,,,,,7,5,12,0,72.9,72,,8,4,,,7,5,5,7,36,80.1,,28,127,22.7,8.1,13.4,1.1,12,44,3,0,74,88.4,,2,2,18,15,50,50,300,335,,,,,,,48.6,,,1100,20,900,180,16.4,10.8,0.5,5.1,8,3,1.5,1,2.5,72.2,1,1.5,14.5,73.2,10.5,3,5,1.5,1
Czech Republic,DB2018,76.4,83.5,8,24.5,1,8,24.5,1,0,56.2,,21,246,0.2,8,2,0,2,3,1,0,95.4,,3,60,25.9,8,3,1,1,1,1,1,0.5,0.3,3,12.1,79.7,,4,27.5,4,25,8,4,8,5,0,70,,,,,7,7,14,7,79.5,62,,2,6,,,9,5,5,4,31,81.2,,8,236,46.1,5.1,38.4,2.6,4,18,2,0,90.8,100,,1,1,0,0,0,0,0,0,,,,,,,56.4,,,678,88,410,180,33.8,13.1,5.7,15,9.5,1.5,3,3,2,79.8,1,2.1,17,67,14,2.5,5.5,3,3
Denmark,DB2018,84.6,92.5,5,3.5,0.2,5,3.5,0.2,13.5,86.8,,7,64,1.4,11,2,1,3,3,1,1,90.2,,4,38,106.2,7,3,1,1,1,0,1,0.5,0.5,1,21.4,89.9,,3,4,0.6,24.5,7,3,8,6.5,0,70,,,,,8,6,14,0,7.4,72,,7,5,,,8,5,5,6,36,91.1,,10,132,23.8,17.1,3.9,2.8,8,10,5,3,89.1,100,,1,1,0,0,0,0,0,0,,,,,,,68.4,,,485,30,365,90,23.3,5,3.3,15,11,3.5,2.5,2.5,2.5,84.9,1,1,4,88.1,12,3,6,1,2
Djibouti,DB2018,50.9,80.4,7,14,58.8,7,14,58.8,0,69,,16,146,5.1,12,2,1,3,3,1,2,64.2,,4,52,944.2,0,0,1,1,0,0,1,..,..,N/A,26,41.9,,6,45,12.7,4.5,2,1.5,0,1,0,5,,,,,1,0,1,0.4,0,34,,7,7,,,3,0,0,0,17,62.7,,35,76,37.9,17.7,17.7,2.6,No VAT refund per case study scenario,No VAT refund per case study scenario,15,24,25.2,59.4,,60,50,72,118,95,100,605,1055,,,,,,,43.8,,,695,30,365,300,34,17,10,7,3,1.5,0,0,1.5,48.3,0,2.3,11,37.5,9,2,5.5,0.5,1
Dominica,DB2018,61.7,89.3,5,12,15.5,5,12,15.5,0,70.1,,11,191,0.3,8,2,1,1,2,0,2,82.4,,5,61,466.1,7,3,1,1,1,0,1,0.8,0.5,5,35.2,43.4,,5,42,13.3,4.5,0,1.5,0,3,0,30,,,,,6,0,6,0,0,58,,4,8,,,8,3,4,2,29,75.6,,37,117,32.6,21.8,7.9,3,15,32,2,0,78.9,74.3,,12,24,36,39,50,50,625,906,,,,,,,59.2,,,681,21,450,210,36,20.8,7.4,7.8,11.5,4.5,3,1.5,2.5,34.4,0,4,10,29.1,6,2,2,0,2
Dominican Republic,DB2018,59.1,83.2,7,16.5,14.5,7,16.5,14.5,33.9,70.1,,15,206,2.8,13,2,1,2,3,1,4,67.8,,7,67,267.1,5,1,1,1,1,0,1,7.9,11.2,3,21.3,65.7,,6,45,3.4,14.5,6,3,0,5.5,0,45,,,,,1,8,9,26.4,68.3,34,,5,4,,,8,0,0,0,17,57.4,,7,317,48.8,29.1,18.6,1.1,No VAT refund per case study scenario,No VAT refund per case study scenario,60,18,10.7,83.5,,10,14,16,24,15,40,488,579,,,,,,,46.9,,,590,20,450,120,40.9,25,7.5,8.4,4.5,2,0.5,0,2,37.6,0,3.5,38,8.9,10.5,2.5,5.5,0.5,2
Ecuador,DB2018,57.5,69,11,48.5,34,11,48.5,34,0,66.3,,17,132,1.9,8,1,1,0,3,1,2,72.1,,7,74,638.8,7,2,1,1,1,1,1,2.1,3,3,12.5,66.4,,8,36,2.1,16.5,4,4.5,2,6,0,45,,,,,1,8,9,0,71,44,,2,5,,,6,5,3,1,22,58.4,,10,666,32.5,16.3,13.7,2.5,No VAT refund per case study scenario,No VAT refund per case study scenario,3,0,49.5,71.2,,24,120,96,24,60,75,560,250,,,,,,,57.5,,,523,38,365,120,27.2,15,5,7.2,6.5,2,2,0,2.5,25,0,5.3,18,17.4,5,2,2,0,1
"Egypt, Arab Rep.",DB2018,55.8,80.7,9,16,22.2,10,17,22.2,0,71.4,,19,172,2,14,2,1,2,3,2,4,71.4,,5,53,280.8,3,2,0,0,1,0,0,2.7,2.8,5,12.1,55,,9,76,1.1,9,2,3,0,4,0,50,,,,,2,8,10,7.8,25.3,58,,8,3,,,3,4,6,5,29,50.5,,29,392,45.8,14,27.3,4.4,No VAT refund per case study scenario,No VAT refund per case study scenario,24,17,26.6,42.2,,88,265,48,240,100,1000,258,554,,,,,,,40,,,1010,20,720,270,26.2,18,1.3,6.9,4,2,0,0,2,38.9,0,2.5,22,25.8,8,2,4,0,2
El Salvador,DB2018,64.7,78.9,9,16.5,41.4,9,16.5,41.4,2.5,50.4,,18,324,5.5,10,2,1,1,3,0,3,71.4,,7,56,502,6,1,1,1,1,1,1,6.5,4,3,15.8,66.3,,6,31,3.8,14,5,4,0,5,0,80,,,,,9,7,16,28.6,35.4,36,,3,0,,,7,4,1,3,18,77.4,,7,180,35.5,16.9,17.2,1.4,No VAT refund per case study scenario,No VAT refund per case study scenario,3,0,49.5,89.3,,9,13,30,36,50,67,128,128,,,,,,,51.9,,,816,70,381,365,28.4,20,3,5.4,8,3,2,0.5,2.5,45.7,0,3.5,12,32.6,9,2,4,0,3
Equatorial Guinea,DB2018,40.3,55,16,33,103.4,16,33,103.4,30.3,55,,13,144,4.2,1,0,0,0,0,1,0,53.4,,5,106,1185.2,0,0,0,0,0,0,0,..,..,N/A,21.4,44.4,,6,23,12.5,4,0,0,0,5,-1,40,,,,,6,2,8,6.3,0,26,,7,1,,,5,0,0,0,13,41.5,,46,492,79.4,53,25.4,1,No VAT,No VAT,9,0,93.1,32,,154,240,132,240,85,70,760,985,,,,,,,55.2,,,475,20,365,90,19.5,10,5.5,4,3,1,0.5,0,1.5,0,0,No Practice,No Practice,0,0,2,5.5,0.5,1
Eritrea,DB2018,21.4,50.6,13,84,27,13,84,27,118.5,0,,No Practice,No Practice,No Practice,No Practice,No Practice,No Practice,No Practice,No Practice,No Practice,No Practice,0,,No Practice,No Practice,No Practice,No Practice,No Practice,No Practice,No Practice,No Practice,No Practice,No Practice,No Practice,No Practice,No Practice,No Practice,35.3,,11,78,9,6.5,2,0,0,4.5,0,0,,,,,0,0,0,0,0,16,,3,0,,,5,0,0,0,8,55.9,,30,216,83.7,9.2,0,74.6,No VAT,No VAT,9,0,93.1,0,,No Practice,No Practice,No Practice,No Practice,No Practice,No Practice,No Practice,No Practice,,,,,,,55.9,,,490,40,270,180,16.6,9,3.6,4,3,1.5,0,0,1.5,0,0,No Practice,No Practice,0,0,2,2,0,1
Estonia,DB2018,80.8,95.2,3,3.5,1.2,3,3.5,1.2,16,82.5,,10,103,0.2,11,2,1,3,3,1,1,83.2,,5,91,168.8,8,3,1,1,1,1,1,0.9,0.4,5,9.9,91,,3,17.5,0.5,27.5,8,4,8,7.5,0,70,,,,,7,7,14,0,35.2,58,,8,3,,,6,5,2,5,29,89.6,,8,50,48.5,7.8,38.8,2,1,2,2,0,99.4,99.9,,1,1,2,0,0,0,0,0,,,,,,,75.8,,,455,60,320,75,18.1,9,8.1,1,13.5,3.5,3.5,4,2.5,62.5,0,3,9,40.6,13,2.5,5.5,2,3
Eswatini,DB2018,58.6,74.4,12,30,16.4,12,30,16.4,0.3,66.7,,14,116,3.6,7,1,1,2,3,0,0,59.7,,6,137,753.7,4,0,1,1,1,0,1,69,24.4,3,15,58.7,,9,21,7.1,17.5,6,1.5,4,6,0,55,,,,,4,7,11,0,44.2,26,,2,5,,,6,0,0,0,13,77.3,,33,122,35.2,25.4,5.7,4.1,16,19,4,0,83.1,92.9,,2,4,2,3,76,76,134,134,,,,,,,36.7,,,956,14,912,30,56.1,52,1.1,3,7.5,3,2,0.5,2,38.9,0,2,14.5,37.4,6,3,2,0,1
Ethiopia,DB2018,46.1,68.4,12,33,57.8,12,33,57.8,0,49.2,,13,149,16.5,7,2,1,2,0,0,2,59.3,,4,95,1027.9,0,0,0,0,0,0,0,..,..,N/A,4.1,49.7,,7,52,6,4,0,0,0,4,0,15,,,,,3,0,3,0.3,0,10,,3,0,,,2,0,0,0,5,62.9,,29,306,37.7,24.6,12.4,0.7,50,47,8,0,50.9,56,,76,194,51,72,175,750,172,120,,,,,,,60,,,530,30,290,210,15.2,10,4.8,0.4,5.5,3,1,0,1.5,31.1,0,3,14.5,28.7,5,2,2,0,1
Fiji,DB2018,61.3,73.3,11,40,16.9,11,40,16.9,0,67.7,,15,141,0.6,7,0,1,2,3,1,0,72.2,,4,81,1391.9,4,1,1,1,0,0,1,6.9,5,5,21.1,71.9,,4,69,3,19.5,4,1.5,8,6,0,25,,,,,5,0,5,0,0,54,,2,8,,,7,4,3,3,27,71.1,,38,247,32,19.2,12.7,0.1,12,19,12,0,81.6,77.6,,56,34,56,42,76,58,317,320,,,,,,,57.1,,,397,36,206,155,42.6,28.6,4,10,7.5,3,2,0.5,2,43.7,0,1.8,10,46.4,6,2,2,0,2
Finland,DB2018,80,92.4,3,17,0.8,3,17,0.8,6.4,75.7,,17,65,0.9,10,2,1,2,3,0,2,89,,5,42,27.6,8,3,1,1,1,1,1,0,0.1,3,11.8,78.9,,3,62,4,26.5,8,3,8,7.5,0,60,,,,,6,6,12,0,20.9,62,,6,4,,,8,5,2,6,31,90.1,,8,93,38.4,11.7,25.4,1.3,5,6,8,0,93.1,92.4,,2,1,36,2,70,0,213,0,,,,,,,66.4,,,485,14,365,106,16.2,12.5,3.5,0.2,8.5,1.5,2,2.5,2.5,92.8,1,0.9,3.5,88.3,14.5,3,6,2.5,3
France,DB2018,76,93.3,5,3.5,0.7,5,3.5,0.7,0,76.5,,9,183,3.9,13,2,1,3,2,2,3,85.9,,5,71,6,8,3,1,1,1,1,1,0.2,0.2,3,13.6,60.7,,8,64,7.3,24,7,3,8,6,0,50,,,,,4,6,10,47.2,0,68,,8,3,,,6,4,6,7,34,78.4,,9,139,62.6,1,51.1,10.5,11,6,4,0,92.4,100,,1,1,0,0,0,0,0,0,,,,,,,73.5,,,447,22,325,100,17.4,10.7,2.7,4,12,4.5,3,2,2.5,73.9,1,1.9,9,73.5,11,3,6,1,1
Gabon,DB2018,44.7,80.5,8,33,7.2,8,33,7.2,2.5,57.8,,14,275,1.5,7,2,1,0,2,0,2,40.2,,7,148,1294.5,0,0,1,1,0,0,0,..,..,N/A,19.4,39.8,,6,72,11.5,3.5,0,0,0,4.5,-1,40,,,,,6,2,8,28.9,0,24,,7,1,,,4,0,0,0,12,51.6,,26,488,46.8,20.5,24.9,1.4,15,44,14,47,42.5,43.9,,60,120,96,84,200,170,1633,1320,,,,,,,32.8,,,1160,30,810,320,34.3,16.2,4.1,14,4,1.5,0,0,2.5,36.1,0,5,14.5,14.8,9,2,5.5,0.5,1
"Gambia, The",DB2018,47.8,69,7,25,128.2,7,25,128.2,0,56.8,,12,173,5.2,3.5,0.5,1,0,2,0,0,44.2,,5,101,4357.7,0,0,0,0,1,0,1,..,..,N/A,21.1,50.7,,6,73,7.9,9.5,1,2,4,2.5,0,30,,,,,6,0,6,0,0,24,,2,5,,,5,0,0,0,12,47.9,,49,326,51.3,6.1,12.7,32.5,No VAT refund per case study scenario,No VAT refund per case study scenario,7,0,47.7,67.8,,48,32,109,87,133,152,381,326,,,,,,,50.9,,,758,43,490,225,20.4,17,1.4,2,5,2.5,0,0,2.5,36.3,0,2,14.5,26.8,7,3,3,1,0
Georgia,DB2018,83,97.8,2,2,2.5,2,2,2.5,0,79.2,,11,63,0.3,8,1,1,2,3,1,0,84.3,,3,71,176.8,5,1,1,0,1,1,1,11.4,7.4,3,7.4,92.9,,1,1,0,21.5,8,4.5,2,7,0,85,,,,,9,8,17,0,95.7,84,,9,6,,,9,5,7,6,42,87.1,,5,269,16.4,14.3,0,2.1,22,10,1,0,85.9,90,,2,2,6,15,0,189,112,396,,,,,,,74.1,,,285,35,100,150,25,18,5,2,11.5,3,3.5,2.5,2.5,55.6,0,2,10,39.4,11,2.5,5.5,0,3
Germany,DB2018,79.3,83.5,9,8,6.8,9,8,6.8,32.4,78.1,,9,126,1.2,9.5,1,1,2,2,0.5,3,98.8,,3,28,40.2,8,3,1,1,1,1,1,0.2,0.2,3,33.8,66.5,,6,52,6.7,23,7,2,8,6,0,70,,,,,6,8,14,1.9,100,62,,5,5,,,5,5,5,6,31,82.1,,9,218,48.9,23.2,21.4,4.3,0,5,5,0,97.7,91.8,,1,1,36,0,45,0,345,0,,,,,,,70.4,,,499,29,380,90,14.4,6.6,5.4,2.4,10.5,4.5,1.5,1.5,3,90.3,1,1.2,8,80.6,15,3,6,3,3
Ghana,DB2018,58.4,84,8,14,17.5,8,14,17.5,1.7,61.9,,16,170,5.4,9,2,1,2,2,1,1,61,,4,78,1080.2,0,0,1,1,1,0,1,129.8,59.8,5,24.5,59.3,,5,33,6.1,8,1,3,0,4,0,60,,,,,6,6,12,0,16.5,60,,7,5,,,7,5,3,3,30,66.5,,31,224,33.2,18.5,14.7,0,No VAT refund per case study scenario,No VAT refund per case study scenario,3,0,49.5,52.3,,89,76,108,89,155,474,490,553,,,,,,,54,,,710,15,365,330,23,10,3,10,6.5,3,1,0,2.5,24.8,0,1.9,22,22.8,4,2,2,0,0
Greece,DB2018,67.1,92.4,4,12.5,1.6,4,12.5,1.6,0,68.4,,18,181,2,12,1,1,2,3,1,4,80.6,,6,51,70.1,7,2,1,1,1,1,1,2.2,1.4,3,20.7,48.9,,10,26,4.8,4.5,0,1.5,0,3,0,45,,,,,2,7,9,0,78.3,64,,7,4,,,5,5,6,5,32,77,,8,193,51.7,23,28,0.6,20,31,4,0,75.7,93.7,,1,1,24,1,30,0,300,0,,,,,,,47.2,,,1711,60,1400,251,22.4,10,4.6,7.8,12,3,4.5,2,2.5,54,0,3.5,9,33.6,11.5,2.5,5.5,2.5,1
Grenada,DB2018,53.3,87.1,6,15,15.3,6,15,15.3,0,62.3,,15,146,1.9,5,1,1,1,2,0,0,73.3,,5,38,187.8,3,1,1,0,0,0,1,5.1,7,5,27.7,50.1,,8,32,7.4,7,1,1.5,0,4.5,0,30,,,,,6,0,6,0,0,50,,4,8,,,8,2,2,1,25,59.4,,42,140,48.4,26.3,5.6,16.5,No VAT refund per case study scenario,No VAT refund per case study scenario,4,0,48.9,61.5,,13,24,101,37,40,50,1034,1256,,,,,,,59.3,,,688,28,460,200,32.6,22.1,3.1,7.4,11,4.5,3,1.5,2,0,0,No Practice,No Practice,0,0,2.5,4.5,1,3
Guatemala,DB2018,61.5,77.8,9,26.5,22.9,9,26.5,22.9,16.3,64.4,,11,229,6.6,11,2,1,2,3,1,2,84,,5,44,550.6,7,2,1,1,1,1,1,3.6,2.5,3,12.3,64.4,,7,24,3.7,13,4,4,0,5,0,85,,,,,9,8,17,17.5,7.4,30,,3,2,,,5,3,1,1,15,70.3,,8,248,35.2,20.2,14.3,0.7,No VAT refund per case study scenario,No VAT refund per case study scenario,15,14,33,77.2,,48,32,36,72,105,37,310,405,,,,,,,34.5,,,1402,66,796,540,26.5,15,6.5,5,6,3,0.5,0.5,2,27.6,0,3,14.5,28,4,2,0,0,2
Guinea,DB2018,46.7,79.2,7,15,62.6,7,15,62.6,8.9,57.1,,16,161,13.7,12,2,1,2,2,1,4,47.9,,4,69,5639.8,0,0,0,0,0,0,1,..,..,N/A,20.9,50.1,,6,44,8.9,6.5,0,2,0,4.5,0,30,,,,,6,0,6,0,0,26,,7,1,,,5,0,0,0,13,38.9,,33,400,61.4,0,28.6,32.8,No VAT refund per case study scenario,No VAT refund per case study scenario,43,23,12.8,46.2,,139,156,72,91,128,180,778,909,,,,,,,52.9,,,311,21,140,150,45,20,15,10,4.5,2.5,0,0,2,38.8,0,3.8,10,19.8,9,2,5.5,0.5,1
Guinea-Bissau,DB2018,42.9,74,8,8,99.9,9,9,99.9,6.8,45.2,,13,143,28.2,7,1.5,1,0,2,0.5,2,29,,7,257,1399.8,0,0,0,0,0,0,0,..,..,N/A,26.9,54.4,,5,48,5.5,3,0,1,0,3,-1,30,,,,,6,0,6,0.1,0.3,44,,7,1,,,6,4,2,2,22,55.2,,46,218,45.5,15.1,24.8,5.6,No VAT refund per case study scenario,No VAT refund per case study scenario,7,2,46.3,59.6,,60,36,118,84,160,205,585,550,,,,,,,37.7,,,1785,90,1095,600,28,15,12,1,8,4.5,1.5,0,2,0,0,No Practice,No Practice,0,0,2,5.5,0.5,1
Guyana,DB2018,56.8,85.6,7,18,9.8,7,18,9.8,0,52.3,,18,208,2.6,4,1,0,1,2,0,0,58.3,,8,82,441.7,4,0,1,0,1,1,1,100,97,5,28.9,55.7,,7,46,4.6,7.5,1,3,0,3.5,0,55,,,,,3,8,11,0,52.8,56,,5,5,,,8,4,2,4,28,65.1,,35,256,32.3,21.3,9.2,1.7,20,34,31,10,54.2,59.3,,200,156,72,84,78,63,378,265,,,,,,,57.9,,,581,21,240,320,27,24,2,1,7.5,4,1.5,0,2,22.4,0,3,28.5,18.4,4,2,2,0,0
Haiti,DB2018,37.7,33.7,12,97,200.2,12,97,200.2,14,44.2,,14,97,24.1,5,1,1,1,2,0,0,55.4,,4,60,3522,0,0,0,0,0,0,1,..,..,N/A,26.2,30.1,,6,319,6.9,2.5,0,0,0,3.5,-1,10,,,,,2,0,2,1.5,0,18,,2,3,,,4,0,0,0,9,57.5,,47,184,42.8,22.7,12.4,7.6,No VAT refund per case study scenario,No VAT refund per case study scenario,6,0,48.2,76.9,,22,28,28,83,48,150,368,563,,,,,,,51.6,,,530,30,320,180,42.6,20,12.6,10,6.5,4,0.5,0,2,0,0,No Practice,No Practice,0,0,2,0,0,1
Honduras,DB2018,55.9,69.9,11,42,39.7,11,42,39.7,0,54.3,,17,140,12.4,9,1,1,1,3,1,2,59.7,,7,39,838.8,2,0,1,0,0,0,1,50,38.9,3,21.1,63,,6,29,5.7,13.5,4,3.5,0,6,0,80,,,,,8,8,16,20.9,44.9,42,,3,8,,,6,3,1,0,21,49.4,,59,203,40.5,31.3,8.1,1.1,33,55,17,21,35.1,64.3,,48,72,108,96,80,70,601,483,,,,,,,44.2,,,920,60,680,180,38.8,25,5.7,8.1,7.5,3,2,0,2.5,32.1,0,3.8,14.5,18.9,7,2,4,0,1
"Hong Kong SAR, China",DB2018,85,98.1,2,1.5,1.1,2,1.5,1.1,0,91.2,,10,72,0.4,15,2,1,3,3,2,4,99,,3,27,1.4,8,3,1,1,1,1,1,0.4,0.2,1,15.1,73.5,,5,27.5,7.7,27.5,8,6,8,5.5,0,75,,,,,8,7,15,0,100,84,,10,8,,,9,5,5,5,42,99.7,,3,45,22.9,17.5,5.3,0.1,No VAT,No VAT,3,0,98.9,95,,1,1,1,19,12,57,0,266,,,,,,,69.1,,,385,30,310,45,23.6,19.5,3.1,1,10,4.5,2,1,2.5,65.7,1,0.8,5,87.2,6,2,3,0,1
Hungary,DB2018,72.7,87.6,6,7,5.4,6,7,5.4,43.8,66.2,,21,212.5,0.8,13,2,1,2,3,1,4,63.3,,5,257,90.3,7,2,1,1,1,1,1,2.9,1.3,3,23.4,80.1,,4,17.5,5,26,8,3.5,8,6.5,0,75,,,,,9,6,15,0,89.8,52,,2,4,,,6,4,5,5,26,77,,11,277,46.4,9.9,34.3,2.1,15,15,4,0,85.6,100,,1,1,0,0,0,0,0,0,,,,,,,71,,,605,60,365,180,15,5,8,2,12.5,3,4,2.5,3,54.7,0,2,14.5,43.7,10,2.5,5,0.5,2
Iceland,DB2018,79,90.7,5,11.5,1.8,5,11.5,1.8,6.8,71.7,,17,84,0.4,8,2,1,2,3,0,0,92.2,,4,22,9.4,7,3,1,1,1,0,1,0.6,0.7,0,9.4,86.6,,3,3.5,3.6,26.5,7,4,8,7.5,0,55,,,,,4,7,11,0,100,72,,7,5,,,8,5,5,6,36,84.5,,21,140,29.9,9,18.1,2.9,3,25,4,0,87.2,86.7,,2,3,36,24,40,0,365,365,,,,,,,69.1,,,417,45,292,80,9,5.9,2.1,1,7.5,1.5,2,2,2,81.4,1,1,3.5,84.5,11.5,2.5,6,1,2
India,DB2018,60.9,73.9,12,30,15,12,30,15,0,39.7,,31,144,23.6,12,2,1,2.5,3,0,3.5,88.6,,3,59,46.6,6,1,1,1,1,1,1,4.5,2.8,5,17.6,46.1,,9,63,7.4,8.9,2,2.9,0,3.5,0,75,,,,,8,7,15,0,43.5,80,,8,7,,,7,6,6,6,40,65.2,,14,216,56.2,23.5,20.5,12.2,No VAT refund per case study scenario,No VAT refund per case study scenario,3,0,49.3,58.6,,38,61,106,265,92,135,382,543,,,,,,,41.2,,,1445,45,1095,305,31,22,8.5,0.5,10.5,4.5,1.5,2,2.5,40.7,0,4.3,9,26.4,8.5,2,4.5,1,1
India - Delhi,DB2018,61.4,74.8,12,30,12.5,12,30,12.5,0,41.5,,24,157.5,23.9,12,2,1,3,3,0,3,91.2,,3,39,77.7,6,1,1,1,1,1,1,7.7,3.9,5,15.2,45.4,,9,49,8.1,7.5,2,2,0,3.5,0,75,,,,,8,7,15,0,43.5,80,,8,7,,,7,6,6,6,40,65.7,,13,214,56.1,23.6,20.4,12.2,No VAT refund per case study scenario,No VAT refund per case study scenario,3,0,49.3,58.2,,21,58,125,262,90,140,413,550,,,,,,,41.2,,,1445,45,1095,305,31,22,8.5,0.5,10.5,4.5,1.5,2,2.5,40.7,0,4.3,9,26.4,8.5,2,4.5,1,1
India - Mumbai,DB2018,60.4,72.8,13,29.5,17.8,13,29.5,17.8,0,37.6,,39,128.5,23.2,12,2,1,2,3,0,4,85.7,,4,82,11.6,7,2,1,1,1,1,1,0.9,1.6,5,20.3,46.9,,9,78,6.6,10.5,3,4,0,3.5,0,75,,,,,8,7,15,0,43.5,80,,8,7,,,7,6,6,6,40,64.7,,15,218,56.2,23.5,20.5,12.2,No VAT refund per case study scenario,No VAT refund per case study scenario,3,0,49.3,59,,58,65,85,267,94,129,348,536,,,,,,,41.2,,,1445,45,1095,305,31,22,8.5,0.5,10.5,4.5,1.5,2,2.5,40.7,0,4.3,9,26.4,8.5,2,4.5,1,1
Indonesia,DB2018,66.9,76.1,12,24.5,11,12,24.5,11,0,64,,18,200,5.7,13,1,1,2,3,2,4,83.9,,4,34,276.1,5,1,1,1,1,1,0,4.5,2.9,5,11.2,59.8,,5,28,8.3,12.3,5,2.5,0,4.8,0,65,,,,,6,7,13,55.3,18.3,70,,10,5,,,2,5,6,7,35,68.5,,42,208,30,18.2,11.5,0.4,18,48,3,0,68.8,66.5,,61,106,63,99,139,164,254,383,,,,,,,47.2,,,403,60,143,200,70.3,46.7,11.7,11.9,7.9,3,1.8,0.6,2.5,67.6,1,1.1,21.6,64.7,10.5,3,5,0.5,2
Indonesia - Jakarta,DB2018,67.1,76.8,12,23,11,12,23,11,0,64.2,,18,191,6.1,13,1,1,2,3,2,4,83.9,,4,34,276.1,5,1,1,1,1,1,0,4.2,2.8,5,11.1,60.2,,5,25,8.4,12.5,5,2.5,0,5,0,65,,,,,6,7,13,55.3,18.3,70,,10,5,,,2,5,6,7,35,68.5,,42,208,30,18.2,11.5,0.4,18,48,3,0,68.8,68.3,,60,106,57,80,130,160,250,384,,,,,,,46.4,,,390,60,150,180,74,50,13,11,8,3,2,0.5,2.5,67.4,1,1.1,22,64.3,10.5,3,5,0.5,2
Indonesia - Surabaya,DB2018,66.2,73.6,13,30,11,13,30,11,0,63.5,,18,233,4.2,13,1,1,2,3,2,4,83.9,,4,34,276.1,5,1,1,1,1,1,0,5.7,3.3,5,11.4,58.7,,5,37,7.9,11.5,5,2.5,0,4,0,65,,,,,6,7,13,55.3,18.3,70,,10,5,,,2,5,6,7,35,68.5,,42,208,30,18.2,11.5,0.4,18,48,3,0,68.8,60.3,,66,107,81,168,170,180,267,376,,,,,,,50.2,,,450,60,120,270,57,35,7,15,7.5,3,1,1,2.5,68.4,1,1.1,20,66,10.5,3,5,0.5,2
"Iran, Islamic Rep.",DB2018,55.7,67.8,10,72,1.4,11,73,1.4,0,70.3,,16,130,7,13.5,2,1,2,3,1.5,4,69,,6,77,894,5,1,1,1,1,0,1,5.2,4.8,2,5.8,64.8,,6,31,5.7,16,6,1,4,5,0,50,,,,,2,8,10,54.7,55.8,40,,7,4,,,1,3,3,2,20,53.5,,20,324,44.7,18.4,25.9,0.4,57,39,48,39,11.6,47.9,,120,192,101,141,125,197,415,660,,,,,,,58.2,,,505,30,295,180,19.3,10,4.3,5,5,0.5,1,1,2.5,35.6,0,1.5,15,37.1,5,2,2,0,1
Iraq,DB2018,44.6,75.9,8,26,43.3,9,27,43.3,18.5,67.7,,11,167,0.3,5.5,1,1,0,2,0.5,1,61.6,,5,51,466.6,0,0,1,1,0,0,0,2352,1008,30,12,58.1,,5,51,6.8,10.5,1,0.5,4,5,0,0,,,,,0,0,0,1.2,0,46,,4,5,,,5,5,3,1,23,63.5,,15,312,30.8,15,13.5,2.3,No VAT,No VAT,83,18,21.4,25.3,,504,176,85,131,1800,500,1118,644,,,,,,,48,,,520,60,360,100,28.1,22.5,2.3,3.3,1.5,0,0,0,1.5,0,0,No Practice,No Practice,0,0,2,4,0,1
Ireland,DB2018,80.1,94.4,3,11,0.2,3,11,0.2,0,76.2,,10,164,4.4,13,2,1,3,3,0,4,84.2,,5,85,65.6,8,3,1,1,1,1,1,0.3,0.2,3,20.6,78.4,,5,31.5,2.5,23.5,8,4.5,4,7,0,70,,,,,7,7,14,0,100,80,,9,8,,,9,5,3,6,40,94.6,,9,81,26,12.4,12.2,1.4,0,16,2,0,93.4,87.2,,1,1,24,24,75,75,305,253,,,,,,,57,,,650,60,500,90,26.9,18.8,2.3,5.8,8,4.5,1,0.5,2,79,1,0.4,9,85.8,10.5,3,5,1.5,1
Israel,DB2018,74.3,92.6,4,11,3.2,4,11,3.2,0,76.6,,12,200,1.8,14,2,1,2,3,2,4,76.2,,5,102,14.1,6,2,1,1,1,1,0,1.7,1.9,1,12.6,60.7,,6,80.5,7.2,21,8,3,4,6,0,65,,,,,6,7,13,0,71.4,78,,7,9,,,9,4,4,6,39,79.9,,28,239,27,19.6,5.9,1.5,4,8,10,0,92,82.8,,13,44,36,64,73,70,150,307,,,,,,,58.9,,,975,15,600,360,25.3,18,3.7,3.6,13.5,3,4.5,3,3,72.7,1,2,23,62.6,12.5,3,5.5,2,2
Italy,DB2018,73.2,86.8,7,11,14.1,7,11,14.1,0,68,,14,189.5,3.6,11,2,0,2,3,2,2,86,,4,75,156.5,7,2,1,1,1,1,1,0.5,1.5,3,20.2,81.7,,4,16,4.4,26.5,8,4.5,8,6,0,45,,,,,2,7,9,30.1,100,66,,7,4,,,6,5,4,7,33,68.3,,14,238,48,23.3,23.2,1.6,42,63,5,0,52.4,100,,1,1,0,0,0,0,0,0,,,,,,,53.1,,,1120,10,840,270,27.6,19,3.9,4.7,13,3,4,3,3,77,1,1.8,22,64.6,13.5,3,5.5,3,2
Jamaica,DB2018,67.7,97.3,2,3,4.8,2,3,4.8,0,71.6,,18,140.5,1.7,12,2,1,2,2,1,4,64.9,,7,95,219.3,5,0,1,1,1,1,1,46.2,19.5,5,23.3,53.6,,8,19,9.8,14,5,5.5,0,3.5,0,80,,,,,9,7,16,0,24.1,62,,4,8,,,5,5,4,5,31,65.1,,12,272,33.1,14,13.4,5.7,40,90,24,113,19.7,61.5,,47,56,58,80,90,90,876,906,,,,,,,51.9,,,550,30,450,70,50.2,35,10.2,5,8.5,4.5,1,0.5,2.5,69.3,1,1.1,18,64.9,11,2.5,4.5,1,3
Japan,DB2018,78,86.1,8,11,7.5,8,11,7.5,0,83.1,,12,108,0.5,13,2,1,2,3,1,4,93.2,,2,81,0,8,3,1,1,1,1,1,0.1,0.1,1,21.7,75.3,,6,13,5.3,25.2,8,3.7,8,5.5,0,55,,,,,5,6,11,0,100,64,,7,6,,,8,4,2,5,32,81.4,,19,129,47.4,24.7,18.5,4.2,1,11,3,0,95.2,86.5,,2,3,23,40,54,107,265,299,,,,,,,65.3,,,360,20,280,60,23.4,18.5,4.5,0.4,7.5,3,1,1,2.5,90.3,1,0.6,4.2,92.4,13,3,6,3,1
Japan - Osaka,DB2018,78.5,86.3,8,10.5,7.5,8,10.5,7.5,0,83,,12,109,0.5,13,2,1,2,3,1,4,97.8,,3,38,0,8,3,1,1,1,1,1,0.1,0.1,1,18.6,75.6,,6,13,5.3,25.5,8,4,8,5.5,0,55,,,,,5,6,11,0,100,64,,7,6,,,8,4,2,5,32,81.4,,19,129,47.4,24.7,18.6,4.2,1,11,3,0,95.2,86.5,,1,4,20,24,54,107,309,344,,,,,,,65.3,,,360,20,280,60,23.4,18.5,4.5,0.4,7.5,3,1,1,2.5,90.6,1,0.6,3.5,93,13,3,6,3,1
Japan - Tokyo,DB2018,77.7,86,8,11.5,7.5,8,11.5,7.5,0,83.1,,12,108,0.5,13,2,1,2,3,1,4,90.7,,2,104,0,8,3,1,1,1,1,1,0.1,0.1,1,23.3,75.2,,6,13,5.3,25,8,3.5,8,5.5,0,55,,,,,5,6,11,0,100,64,,7,6,,,8,4,2,5,32,81.4,,19,129,47.3,24.7,18.5,4.2,1,11,3,0,95.2,86.5,,3,3,24,48,54,107,241,275,,,,,,,65.3,,,360,20,280,60,23.4,18.5,4.5,0.4,7.5,3,1,1,2.5,90.2,1,0.6,4.5,92,13,3,6,3,1
Jordan,DB2018,59.9,84.4,7,12,24.2,8,13,24.2,0.1,61.7,,20,66,11,11,2,1,2,3,1,2,80.5,,5,55,291.6,6,2,1,1,1,0,1,2.2,1.5,0,23.8,66.4,,6,17,9,22.5,7,3.5,6,6,0,30,,,,,0,6,6,2.2,15.3,42,,4,4,,,2,1,5,5,21,71,,25,129,28.1,10.6,15.5,2,22,53,11,63,35.7,79,,6,55,53,79,100,190,131,206,,,,,,,53.7,,,642,37,415,190,31.2,8,8.2,15,7,2,2,0,3,30.5,0,3,20,27.7,5,2,2,0,1
Kazakhstan,DB2018,76.9,91.9,5,9,0.3,5,9,0.3,0,74.4,,18,117.5,2.1,13,2,1,2,3,1,4,76.8,,7,77,47.4,8,3,1,1,1,1,1,0.8,1,1,6,85,,3,3.5,0.1,17.5,6,3.5,0,8,0,65,,,,,6,7,13,0,54.4,84,,9,6,,,9,6,6,6,42,78.6,,9,178,29.2,16.2,11.2,1.9,No VAT refund per case study scenario,No VAT refund per case study scenario,4,0,48.9,67.9,,128,6,133,2,200,0,494,0,,,,,,,77.6,,,370,15,135,220,22,8.5,3.5,10,14,5,4,2,3,67.5,0,1.5,15,38.3,15,3,6,2,4
Kenya,DB2018,65.4,82.2,7,23,26.3,7,23,26.3,0,63.2,,16,159,5,9,1,1,1,2,0,4,76.7,,3,97,724.7,4,0,1,1,1,0,1,80.9,17,1,20.2,54.5,,9,61,6,16,7,4,0,5,0,75,,,,,7,8,15,0,30.4,66,,6,5,,,9,3,6,4,33,67.5,,36,186,37.4,30.1,1.9,5.4,No VAT,No VAT,21,13,62,67.6,,19,60,21,180,191,115,143,833,,,,,,,58.3,,,465,40,365,60,41.8,27.5,11.6,2.7,9,4.5,2,0.5,2,43.1,1,4.5,22,27.9,9,3,3,2,1
Kiribati,DB2018,46.2,77.5,7,31,40.2,7,31,40.2,16.2,48.6,,16,185,11.1,6,1.5,1,1,2,0.5,0,41.5,,6,97,4022.3,0,0,0,0,0,1,0,..,..,N/A,42.4,49.1,,5,513,0,9,2,0,2,6,-1,20,,,,,4,0,4,0,0,38,,6,5,,,8,0,0,0,19,71.4,,11,168,32.7,24.3,8.5,0,88,35,81,10,26.7,62.1,,24,48,72,96,310,120,420,685,,,,,,,53.4,,,660,20,100,540,25.8,24.3,1.5,0,6,3,1,0.5,1.5,0,0,No Practice,No Practice,0,0,2,0,0,2
"Korea, Rep.",DB2018,84,93.4,3,8,14.6,3,8,14.6,0,84.4,,10,27.5,4.4,12,2,0,2,3,1,4,99.9,,3,13,37,8,3,1,1,1,1,1,0.1,0.1,5,8.7,76.3,,7,5.5,5.1,27.5,8,4.5,8,7,0,65,,,,,5,8,13,65.9,100,74,,8,6,,,8,4,5,6,37,86.9,,12,188,33.1,18.2,13.5,1.4,0,9,9,0,93.9,92.5,,1,1,13,6,11,27,185,315,,,,,,,84.1,,,290,20,150,120,12.7,9,3,0.7,14.5,3.5,4,4,3,83.1,1,1.5,3.5,84.7,12,2.5,5.5,3,1
Kosovo,DB2018,70.5,95.7,3,5.5,1,3,5.5,1,0,50.3,,22,241,5.8,9,2,1,2,3,1,0,64.4,,7,36,449.9,3,0,0,0,1,1,1,24.2,11.9,0,12.8,77.5,,6,32,0.3,20.5,7,1.5,8,4,0,85,,,,,11,6,17,40.5,0,32,,6,6,,,4,0,0,0,16,80.8,,10,155,15.2,9.3,5.6,0.2,36,30,22,12,51.3,92.5,,5,6,25,6,50,42,105,128,,,,,,,63.8,,,330,60,180,90,34.4,25.2,7.8,1.4,8.5,4.5,2.5,0,1.5,63.3,0,2,15,39.1,13.5,2.5,6,3,2
Kuwait,DB2018,61.8,77.2,9,38,1.7,10,39,1.7,8.5,62.1,,22,199,5.4,14,2,1,2,3,2,4,71.8,,7,65,54.9,6,3,1,1,0,0,1,0.1,0.7,5,0.7,68,,9,35,0.5,17.5,3,2,8,4.5,0,35,,,,,1,6,7,15,31,60,,4,9,,,4,2,5,6,30,92.5,,12,98,13,0,13,0,No VAT,No VAT,No corporate income tax,No corporate income tax, ,50.5,,72,96,96,90,227,332,698,634,,,,,,,61.4,,,566,26,420,120,18.6,15,2.6,1,7.5,4,1,0,2.5,39.4,0,4.2,10,32.6,7,2,4,0,1
Kyrgyz Republic,DB2018,62.4,92.9,4,10,2.1,4,10,2.1,0,68.6,,17,167,2,11,2,1,2,3,0,3,45.7,,7,111,814.4,0,0,0,0,1,1,1,..,..,N/A,3.4,90.2,,3,3.5,0.2,24,6,3.5,8,6.5,0,80,,,,,9,7,16,0,37,40,,7,5,,,8,0,0,0,20,51.5,,63,225,29,6.4,19.5,3.1,No VAT refund per case study scenario,No VAT refund per case study scenario,20,5,37.4,67.1,,72,84,20,72,145,200,445,512,,,,,,,47.6,,,410,20,240,150,47,22,15,10,3.5,2.5,0,0,1,39.9,0,1.5,9.5,39.2,6,3,1,2,0
Lao PDR,DB2018,50,60.9,10,174,7,10,174,7,0,67.6,,12,92,5.2,6.5,0,1,2,3,0.5,0,52.6,,7,105,806.2,2,1,0,0,0,0,1,8.7,7.2,1,11,64.9,,6,28,3.1,10.5,2,0.5,4,4,0,60,,,,,6,6,12,11.2,0,20,,6,1,,,3,0,0,0,10,54.2,,35,362,26.2,15.8,6.8,3.7,No VAT refund per case study scenario,No VAT refund per case study scenario,16,32,18.6,77.7,,60,60,13,14,235,115,140,224,,,,,,,42,,,828,119,344,365,31.6,27.9,1.4,2.3,3.5,1,0,0,2.5,0,0,No Practice,No Practice,0,0,2,2,0.5,0
Latvia,DB2018,80,94.1,4,5.5,1.7,4,5.5,1.7,0,73.4,,14,192,0.5,12,2,1,2,3,0,4,79.1,,4,107,278.1,6,2,1,1,1,0,1,1.1,0.6,3,7.4,82.7,,4,16.5,2,23,8,4.5,4,6.5,0,85,,,,,9,8,17,88.8,43.1,68,,5,4,,,9,5,5,6,34,89.8,,7,169,35.9,6.3,26.6,3,0,6,3,0,98.1,95.3,,2,1,24,0,35,0,150,0,,,,,,,73.5,,,469,49,300,120,23.1,14.3,6.4,2.4,13.5,3,5.5,2,3,59.1,0,1.5,10,40.1,12,2.5,5,2.5,2
Lebanon,DB2018,54.4,78.2,8,15,42,8,15,42,42.3,53.7,,22,276,7.7,14,2,1,2,3,2,4,62.7,,4,89,130.2,0,0,0,0,0,0,1,..,..,N/A,13.3,59.6,,8,37,5.9,16,4,3,4,5,0,40,,,,,2,6,8,22.9,0,44,,9,1,,,5,3,1,3,22,68.2,,20,181,30.3,6.1,23.8,0.4,47,44,23,25,27.5,57.9,,48,72,96,180,100,135,480,790,,,,,,,49.8,,,721,15,556,150,30.8,24.8,3,3,6,4,0.5,0,1.5,29.4,0,3,15,31.4,4,2,2,0,0
Lesotho,DB2018,58.6,83.1,7,29,7.7,7,29,7.7,0,50.8,,10,183,13,5,1,1,0,2,0,1,52.1,,5,114,1341.8,0,0,1,1,1,0,1,..,..,N/A,10.9,58.3,,4,43,8,9.5,3,3,0,3.5,0,55,,,,,5,6,11,0,7.5,32,,3,4,,,9,0,0,0,16,68.7,,32,333,13.6,10.8,0,2.8,12,42,11,6,66.9,91.6,,3,3,4,5,90,90,150,150,,,,,,,57.2,,,615,45,300,270,31.3,25,3.6,2.7,8.5,4.5,1,0.5,2.5,36.9,0,2.6,20,27.9,7,3,3,0,1
Liberia,DB2018,43.6,90.8,5,6,15.7,5,6,15.7,0,28.9,,25,87,39.1,2,0,1,0,0,0,1,32.9,,4,482,4174.9,0,0,0,0,0,0,0,..,..,N/A,55.6,31,,10,44,13.8,3.5,0,1,0,2.5,0,50,,,,,10,0,10,1.9,0,22,,4,1,,,6,0,0,0,11,76.7,,33,140,45.5,35.4,5.4,4.8,No VAT,No VAT,3,0,98.6,27.8,,144,144,193,217,155,230,1113,1013,,,,,,,35.2,,,1300,30,730,540,35,25.1,6.9,3,7.5,4,2,0,1.5,40.4,0,3,30,17.1,10,2.5,6,0.5,1
Libya,DB2018,32.5,71.7,10,35,30.3,10,35,30.3,41.5,0,,No Practice,No Practice,No Practice,No Practice,No Practice,No Practice,No Practice,No Practice,No Practice,No Practice,58.7,,4,118,422.4,0,0,1,1,0,0,0,..,..,N/A,14.4,0,,No Practice,No Practice,No Practice,No Practice,No Practice,No Practice,No Practice,No Practice,No Practice,0,,,,,0,0,0,0.6,0,18,,4,1,,,4,0,0,0,9,63.6,,19,889,32.6,22.1,10.3,0.2,No VAT,No VAT,12,0,90.2,64.7,,72,96,72,79,50,60,575,637,,,,,,,48.4,,,690,60,415,215,27,16,6,5,4,2,0,0,2,0,0,No Practice,No Practice,0,0,2,4,0,1
Lithuania,DB2018,80.6,93.1,4,5.5,0.6,4,5.5,0.6,19.3,84.8,,13,75,0.3,13,2,1,2,3,1,4,88.4,,4,85,42,8,3,1,1,1,1,1,0.5,0.4,3,9.1,92.9,,3,3.5,0.8,28.5,8,4.5,8,8,0,70,,,,,6,8,14,45.3,100,66,,7,4,,,7,4,5,6,33,87.8,,11,109,42.7,5.9,35.2,1.6,2,6,2,0,97.5,97.7,,3,1,9,0,28,0,58,0,,,,,,,78.8,,,370,40,240,90,23.6,8.6,6,9,15,3.5,4.5,4,3,46.9,0,2.3,15,40.6,8,2.5,4,0.5,1
Luxembourg,DB2018,69.6,88.8,5,16.5,1.7,5,16.5,1.7,18,83.9,,11,155,0.7,15,2,1,3,3,2,4,84.3,,5,56,34.4,7,3,1,1,1,0,1,0.3,0.2,3,11.3,63.9,,7,26.5,10.1,25.5,8,3.5,8,6,0,15,,,,,3,0,3,0,0,54,,6,5,,,4,4,2,6,27,87.4,,23,55,20.5,4.2,15.5,0.8,12,15,5,4,83.8,100,,1,1,0,0,0,0,0,0,,,,,,,73.3,,,321,21,240,60,9.7,8.7,0.1,0.9,8.5,4.5,1,0.5,2.5,45.4,0,2,14.5,43.8,7,2.5,3,0.5,1
Madagascar,DB2018,46.4,87.8,5,8,35.7,5,8,35.7,0,34.2,,17,194,57.7,5,2,0,0,2,1,0,20.9,,6,450,5393.2,0,0,0,0,0,0,1,..,..,N/A,14.2,44.2,,6,100,9.1,8,1,4,0,3,0,40,,,,,2,6,8,5.1,0,36,,7,6,,,5,0,0,0,18,62.7,,23,183,38.1,16.3,20.3,1.5,No VAT refund per case study scenario,No VAT refund per case study scenario,14,29,21.8,61,,49,58,70,99,117,150,868,595,,,,,,,42.8,,,871,21,700,150,33.6,11,7,15.6,5,2.5,0,0,2.5,34.2,0,3,8.5,11.4,9,2,5.5,0.5,1
Malawi,DB2018,59.5,76.4,7,37,44.6,7,37,44.6,0,59.2,,13,153,11.6,9.5,0,1,1,3,0.5,4,43.4,,6,127,2341.6,0,0,0,0,1,0,1,..,..,N/A,13.3,62.1,,6,69,1.8,10.5,0,1.5,4,5,0,90,,,,,11,7,18,0,23.5,58,,4,7,,,7,5,2,4,29,61.9,,35,184,34.5,20.4,12.4,1.7,33,44,20,28,33.4,65.3,,75,55,78,55,342,162,243,144,,,,,,,45.6,,,522,42,360,120,69.1,50,5.3,13.8,8.5,4.5,1,1.5,1.5,33.3,0,2.6,25,12.5,8.5,3,4,0.5,1
Malaysia,DB2018,78.8,80.1,9,23,12.7,10,24,12.7,0,83.3,,13,77,1.4,13,2,1,2,3,1,4,94.3,,4,31,28,8,3,1,1,1,1,1,0.5,0.6,1,12.9,76.1,,8,13,3.5,27.5,7,5.5,8,7,0,75,,,,,7,8,15,63.6,82.6,88,,10,9,,,8,5,6,6,44,76.1,,8,188,39.2,21.8,16.4,1,22,18,11,34,52.6,84.1,,10,10,45,69,35,60,274,274,,,,,,,68.2,,,425,35,270,120,37.9,30,1.7,6.2,13,4,4,2.5,2.5,62.5,1,1,10,81.3,6,2,2,0,2
Maldives,DB2018,53.2,89.1,6,12,4.7,6,12,4.7,1.7,72.9,,10,140,0.5,7,2,1,2,0,0,2,55.4,,6,75,283.5,0,0,0,0,0,0,1,353.1,78,5,43.4,40,,6,57,15.8,8.5,0,0,4,4.5,0,35,,,,,2,5,7,18.8,0,32,,0,8,,,8,0,0,0,16,66.1,,17,391,30.2,13.1,7.9,9.2,No VAT refund per case study scenario,No VAT refund per case study scenario,10,0,46.1,55.9,,48,61,42,100,300,180,596,981,,,,,,,52.5,,,760,30,260,470,18.5,16.4,2.1,0,5.5,2.5,0,1,2,33.3,0,1.5,4,50.2,2,2,0,0,0
Mali,DB2018,52.9,83.8,5,11,58.4,5,11,58.4,5.6,60.4,,14,124,10.1,8.5,1,1,0,2,1.5,3,51.1,,4,120,2794.6,0,0,0,0,1,0,0,..,..,0,13.9,51.4,,5,29,11.1,8,2,1.5,0,4.5,0,30,,,,,6,0,6,0.1,0.8,42,,7,1,,,5,4,2,2,21,51.5,,35,270,48.3,10.1,34.3,3.9,No VAT refund per case study scenario,No VAT refund per case study scenario,7,28,25.7,73.3,,48,77,48,98,33,90,242,545,,,,,,,41.9,,,620,15,240,365,52,30,15,7,4.5,2.5,0,0,2,43.2,0,3.6,18,28,9,2,5.5,0.5,1
Malta,DB2018,65.2,84.8,8,16,7.4,8,16,7.4,1.1,72.5,,17,176,2.5,14,2,1,2,3,2,4,79.4,,4,105,222.5,6,2,1,1,1,0,1,2,1.9,0,17.9,48.7,,7,15,13.5,12.5,6,3.5,0,3,0,30,,,,,2,4,6,53.6,0,66,,3,6,,,8,6,4,6,33,76.2,,8,139,43.9,32.3,11.1,0.5,0,28,25,46,52.5,88.9,,24,1,24,2,25,0,370,230,,,,,,,67.6,,,505,15,365,125,21.5,15,5.2,1.3,10.5,3,4,1,2.5,38.1,0,3,10,38.8,5.5,2.5,2,0,1
Marshall Islands,DB2018,50.9,88.5,5,17,11.9,5,17,11.9,0,70.9,,7,38,2.3,1,1,0,0,0,0,0,59.3,,5,67,675.4,0,0,0,0,0,0,1,..,..,30,40.4,0,,No Practice,No Practice,No Practice,No Practice,No Practice,No Practice,No Practice,No Practice,No Practice,50,,,,,10,0,10,0,0,20,,2,0,,,8,0,0,0,10,76.8,,9,56,64.8,0,11.8,53,No VAT,No VAT,No corporate income tax,No corporate income tax, ,78.9,,24,60,60,84,20,43,298,298,,,,,,,55.9,,,616,51,200,365,32.1,26.2,5,0.9,8,3,2,0.5,2.5,9.2,0,2,38,17.1,0,0,0,0,0
Mauritania,DB2018,48.4,91.8,4,6,19.3,4,6,19.3,0,64,,14,104,5.1,6,0.5,1,0,2,0.5,2,47.1,,5,67,4628.4,0,0,0,0,1,0,1,..,..,5,19.5,61.2,,4,49,4.6,7,2,2,0,4,-1,25,,,,,2,3,5,7.1,0,32,,6,3,,,7,0,0,0,16,42.6,,33,270,67,0,10.3,56.7,No VAT refund per case study scenario,No VAT refund per case study scenario,19,36,17.2,60.3,,51,64,62,69,92,400,749,580,,,,,,,60.4,,,370,40,190,140,23.2,17.9,2.3,3,5,2,0,1,2,0,0,No Practice,No Practice,0,0,2,4,0,0
Mauritius,DB2018,78.9,92,5,5,1,6,6,1,0,82.5,,15,98,0.5,14,2,1,2,3,2,4,87.7,,3,67,229.4,6,2,1,1,0,1,1,1.6,0.5,3,20.3,80.4,,5,17,0.6,20,7,4,4,5,0,65,,,,,6,7,13,86.1,0,72,,7,8,,,9,5,3,4,36,90.8,,8,152,21.9,10.4,7.9,3.7,7,19,4,0,87.6,79.9,,9,9,38,41,128,166,303,372,,,,,,,69.6,,,519,15,325,179,25,22,2,1,12.5,5,2,3,2.5,69.1,1,1.7,14.5,67.4,10.5,3,4,0.5,3
Mexico,DB2018,72.5,85.8,8,8,17,8,8,17,0,67.8,,15,82,10.3,11.7,2,1,2,2.2,1.2,3.3,71,,7,100,314.3,7,3,1,1,1,0,1,0.7,0.9,5,7.1,60.8,,8,39,5.6,16.3,5,3.9,2,5,0,90,,,,,10,8,18,0,100,62,,8,5,,,5,5,5,3,31,66.5,,6,241,53.4,26.9,25.6,0.9,21,42,14,87,40.5,82.1,,8,18,20,44,60,100,400,450,,,,,,,67,,,341,37,124,179,33,22.1,5,5.8,10.1,3.8,3.3,0.5,2.5,72.3,1,1.8,18,67.6,11.5,2.5,5.5,1.5,2
Mexico - Mexico City,DB2018,71.8,85.4,8,8.5,18.2,8,8.5,18.2,0,66.6,,15,76,11.8,12,2,1,2,2,1,4,69,,7,112,334.2,7,3,1,1,1,0,1,0.8,1,5,6.5,59.1,,8,42,5.8,16,5,4,2,5,0,90,,,,,10,8,18,0,100,62,,8,5,,,5,5,5,3,31,66.5,,6,241,53.4,26.9,25.6,0.9,21,42,14,87,40.5,82.1,,8,18,20,44,60,100,400,450,,,,,,,65.5,,,350,42,125,183,33.5,22.5,5,6,9.5,3.5,3,0.5,2.5,72.3,1,1.8,18,67.6,11.5,2.5,5.5,1.5,2
Mexico - Monterrey,DB2018,75.9,87.9,7,8,11,7,8,11,0,73.8,,13,112,3,10,2,1,2,3,2,0,80.9,,6,44,217.5,7,3,1,1,1,0,1,0.5,0.6,5,9.9,69,,6,23,4.5,17.5,5,3.5,4,5,0,90,,,,,10,8,18,0,100,62,,8,5,,,5,5,5,3,31,66.5,,6,241,53.4,26.9,25.6,0.9,21,42,14,87,40.5,82.1,,8,18,20,44,60,100,400,450,,,,,,,74.6,,,295,15,120,160,30.4,20.4,5,5,13,5,5,0.5,2.5,72.3,1,1.8,18,67.6,11.5,2.5,5.5,1.5,2
"Micronesia, Fed. Sts.",DB2018,48.1,69.6,7,16,141.7,7,16,141.7,0,61.1,,14,85,0.5,0,0,0,0,0,0,0,64.5,,3,105,343.2,0,0,0,0,0,0,0,..,..,N/A,38.8,0,,No Practice,No Practice,No Practice,No Practice,No Practice,No Practice,No Practice,No Practice,No Practice,50,,,,,10,0,10,0,0,16,,0,0,,,8,0,0,0,8,68.8,,21,128,60.5,0,8.5,52.1,No VAT,No VAT,No corporate income tax,No corporate income tax, ,84,,26,35,36,56,60,80,168,180,,,,,,,29.4,,,885,120,365,400,66,65.2,0.8,0,4.5,1,1,0.5,2,37.7,0,5.3,38,3.2,11.5,2.5,6,3,0
Moldova,DB2018,72.7,93.8,4,5,5.6,4,5,5.6,0,48,,29,310,2.1,12,1,1,2,3,1,4,74.6,,6,87,721.4,7,2,1,1,1,1,1,1.2,1.3,3,9,82.6,,5,5.5,1.1,22,8,4.5,4,5.5,0,70,,,,,8,6,14,0,13.6,68,,7,4,,,8,5,4,6,34,84.6,,10,181,40.5,8.9,31.3,0.3,8,13,3,0,90.8,92.3,,48,2,3,4,44,41,76,83,,,,,,,60.9,,,585,60,420,105,28.6,10.6,6,12,9.5,2,3,2,2.5,52.6,0,2.8,15,28,12,2.5,4,2.5,3
Mongolia,DB2018,67.4,86.6,8,12,1.4,8,12,1.4,0,78.2,,17,137,0.1,14,2,1,2,3,2,4,55,,8,79,618.9,3,0,1,0,1,0,1,54,8,5,6.3,74.1,,5,10.5,2.1,14.5,4,2.5,0,8,0,80,,,,,9,7,16,45,0,74,,6,8,,,8,2,6,7,37,77.3,,19,134,24.7,10.3,12.4,2,No VAT refund per case study scenario,No VAT refund per case study scenario,4,0,49.1,60.8,,168,115,134,48,64,83,225,210,,,,,,,58.5,,,374,14,180,180,30.6,14.9,7.2,8.5,5.5,1.5,1,1,2,29.5,0,4,15,17,6.5,2,4,0.5,0
Montenegro,DB2018,73.8,86.6,8,12,1.5,8,12,1.5,0,76.9,,7,152,5.6,12,1,1,2,3,1,4,61.3,,7,131,128.6,5,0,1,1,1,1,1,27.1,20,3,12.5,65.8,,6,69,3.2,17.5,7,3,4,3.5,0,85,,,,,12,5,17,31.6,0,62,,5,8,,,6,3,3,6,31,76.7,,18,300,22.1,8.2,13.4,0.5,4,22,10,19,70.5,91.9,,5,6,8,23,26,60,85,306,,,,,,,66.8,,,545,60,365,120,25.7,11.3,6.9,7.5,11.5,5,3.5,1,2,65.6,0,1.4,8,49.3,12.5,2.5,6,3,1
Morocco,DB2018,69.2,92.5,4,9,8,4,9,8,0,82.3,,13,53.5,3.5,13,2,1,2,3,2,3,79.6,,5,49,1791.6,7,2,1,1,1,1,1,0.6,2.3,1,12.8,65.7,,6,21,6.4,17,7,2.5,2,5.5,0,45,,,,,2,7,9,0,25,64,,9,2,,,7,5,4,5,32,85.7,,6,155,49.8,25.1,23.3,1.4,No VAT,No VAT,3,0,98.6,82.4,,26,26,19,106,67,116,156,228,,,,,,,60.9,,,510,20,310,180,26.5,13.7,4.5,8.3,8,4.5,1,0,2.5,34,0,3.5,18,28.4,6,2,4,0,0
Mozambique,DB2018,52.8,71,10,17,92.9,10,17,92.9,0,72.8,,11,118,6.3,11,1,1,2,3,0,4,54.1,,5,54,2817.3,0,0,0,0,1,1,1,..,..,N/A,8.9,52.6,,8,43,5.4,7.5,2,1.5,0,4,0,25,,,,,1,4,5,7.4,0,32,,5,4,,,7,0,0,0,16,61.8,,37,200,36.1,30.8,4.5,0.8,28,71,28,10,41.4,70.6,,70,24,66,14,160,60,602,399,,,,,,,39.8,,,950,90,640,220,53.3,35,9.4,8.9,8.5,4,2,0,2.5,48.2,0,1.5,20.5,31.5,10,2.5,4,1.5,2
Myanmar,DB2018,43,75.4,12,14,40.1,12,14,40.1,0,70.5,,15,93,3.8,9,1,1,2,3,0,2,52.5,,6,77,1155.3,0,0,0,0,0,0,0,..,..,N/A,9.3,52.8,,6,85,4.3,6.5,0,3,0,3.5,0,10,,,,,2,0,2,0,0,12,,3,0,,,3,0,0,0,6,63.9,,31,282,31.2,26.8,0.3,4.2,No VAT refund per case study scenario,No VAT refund per case study scenario,10,1,45.5,47.7,,144,48,142,230,140,210,432,457,,,,,,,24.5,,,1160,65,815,280,51.5,47,2.5,2,3,1.5,0,0,1.5,20.4,0,5,18,14.7,4,2,2,0,0
Namibia,DB2018,61.1,71.9,10,54,11.4,10,54,11.4,0,69.4,,12,160,2.5,8.5,2,1,2,3,0.5,0,78.1,,6,37,344.2,6,3,1,1,0,0,1,0.8,0.2,5,15.3,41,,8,44,13.8,10.5,2,4,0,4.5,0,60,,,,,5,7,12,0,61,56,,5,5,,,6,3,3,6,28,74.5,,27,302,20.7,16.7,1.9,2.2,30,17,4,0,77.2,61.5,,90,3,120,6,348,63,745,145,,,,,,,61.6,,,460,10,400,50,35.8,29,6,0.8,9.5,1.5,4,2,2,37,0,2.5,14.5,34,6,3,2,0,1
Nepal,DB2018,60,81.8,8,18.5,27.4,8,18.5,27.4,0,55.7,,12,118,16.6,9,1,1,2,3,0,2,57.9,,5,70,993.7,0,0,0,0,0,0,1,..,..,N/A,13.3,64.8,,4,6,4.8,5.5,1,2,0,2.5,0,50,,,,,10,0,10,0,1.7,58,,6,1,,,9,5,4,4,29,57.9,,34,339,30,17.6,11.3,1.1,119,37,26,18,33.3,80.4,,43,48,30,58,110,80,203,190,,,,,,,45.3,,,910,45,500,365,26.8,20.8,3.5,2.5,5.5,3,0,0,2.5,48.1,0,2,9,43,8,2,4,2,0
Netherlands,DB2018,76.1,94.3,4,3.5,4.4,4,3.5,4.4,0,69.3,,13,161,3.7,10,2,1,3,3,1,0,82.4,,5,102,29.5,8,3,1,1,1,1,1,0.6,0.3,0.1,10.8,80,,5,2.5,6.1,28.5,7,6,8,7.5,0,45,,,,,2,7,9,0,95.2,58,,4,4,,,6,5,5,5,29,87.6,,9,119,40.7,20.5,19.8,0.4,0,15,4,2,92,100,,1,1,0,0,0,0,0,0,,,,,,,59.9,,,514,10,442,62,23.9,13.7,5,5.2,7,3,0.5,2,1.5,84.2,1,1.1,3.5,89.7,11.5,2.5,6,1,2
New Zealand,DB2018,87,100,1,0.5,0.3,1,0.5,0.3,0,86.4,,11,93,2.3,15,2,1,3,3,2,4,84,,5,58,72.4,7,2,1,1,1,1,1,2,1.1,1,12.2,94.9,,2,1,0.1,26.5,8,4.5,8,6,0,100,,,,,12,8,20,0,100,86,,10,9,,,9,5,5,5,43,91.1,,7,140,34.5,29.9,2.8,1.8,2,5,4,0,96.9,84.6,,3,1,37,25,67,80,337,367,,,,,,,71.5,,,216,7,167,42,27.2,22,2,3.2,9.5,3,3,1.5,2,71.9,1,1.3,3.5,84.2,8.5,3,3,0.5,2
Nicaragua,DB2018,54.2,79.6,7,14,65.4,7,14,65.4,0,46.3,,18,225,5.8,3.5,2,1,0,0,0.5,0,68.3,,6,55,871,4,0,1,1,1,0,1,73.7,39.6,3,33.2,47.2,,9,56,6,6.5,0,3,0,3.5,0,45,,,,,1,8,9,20.4,55.9,24,,1,5,,,6,0,0,0,12,52.9,,43,201,60.2,17.5,23.1,19.6,54,43,9,0,52.5,79,,48,16,60,72,47,86,150,400,,,,,,,58.6,,,490,60,230,200,26.8,16.3,5.5,5,6.5,3.5,0.5,0,2.5,40.9,0,2.2,14.5,35.3,7,2,2,0,3
Niger,DB2018,51.2,91.9,4,8,8.3,4,8,8.3,11.8,42.5,,19,98,35.3,7,1,1,0,2,1,2,44.9,,4,97,5632.6,0,0,0,0,0,0,1,365,243.3,1,22.1,56.8,,4,36,6.6,4,0,1.5,0,2.5,0,30,,,,,6,0,6,0.3,0.2,42,,7,1,,,5,4,2,2,21,49.4,,41,270,47.2,21.6,22.3,3.4,No VAT refund per case study scenario,No VAT refund per case study scenario,42,8,25.6,65.4,,51,156,48,78,39,282,391,462,,,,,,,49.6,,,430,30,250,150,52.6,23,12,17.6,6,3,1,0,2,39.2,0,5,18,20.6,9,2,5.5,0.5,1
Nigeria,DB2018,52,80.8,8,19,29.2,8,19,29.2,0,59,,15,105,23.2,11.8,2,1,2,2.8,0,4,34.7,,10,149,334.8,0,0,0,0,1,0,1,..,..,5,16.8,27.7,,12,92,11.3,5.8,2,1.5,0,2.5,0,85,,,,,9,8,17,0.1,7.8,72,,7,7,,,7,4,5,6,36,53,,48,360,34.8,21,13.5,0.3,No VAT refund per case study scenario,No VAT refund per case study scenario,7,0,47.5,19.9,,131,173,135,284,250,564,786,1077,,,,,,,57.6,,,454,36,288,130,38.9,21.6,11.8,5.5,7.9,4.2,1.2,0,2.5,30.6,0,2,22,27.8,5,2,2,0,1
Nigeria - Kano,DB2018,55.2,77.7,10,22,29.1,10,22,29.1,0,79.4,,13,84,1.4,11,2,1,2,2,0,4,40.7,,9,94,328.7,0,0,0,0,1,0,1,742,304,5,18.3,33.1,,11,47,11.8,5,1,1.5,0,2.5,0,85,,,,,9,8,17,0.1,7.8,72,,7,7,,,7,4,5,6,36,53.8,,48,342,34.8,21,13.5,0.3,No VAT refund per case study scenario,No VAT refund per case study scenario,7,0,47.5,19.9,,131,173,135,284,250,564,786,1077,,,,,,,60.2,,,476,21,365,90,28.4,10,11.3,7.1,7.5,3,2,0,2.5,30.6,0,2,22,27.8,5,2,2,0,1
Nigeria - Lagos,DB2018,51.1,81.7,8,18,29.2,8,18,29.2,0,52.9,,16,111,29.8,12,2,1,2,3,0,4,32.9,,10,166,336.7,0,0,0,0,1,0,1,..,..,5,16.4,26.1,,12,105,11.1,6,2,1.5,0,2.5,0,85,,,,,9,8,17,0.1,7.8,72,,7,7,,,7,4,5,6,36,52.8,,48,366,34.8,21,13.5,0.3,No VAT refund per case study scenario,No VAT refund per case study scenario,7,0,47.5,19.9,,131,173,135,284,250,564,786,1077,,,,,,,56.8,,,447,40,265,142,42,25,12,5,8,4.5,1,0,2.5,30.6,0,2,22,27.8,5,2,2,0,1
North Macedonia,DB2018,80.3,88.6,6,15,3.4,6,15,3.4,0,80.4,,9,91,6.1,13,2,1,2,3,1,4,81.4,,3,97,200.1,5,0,1,1,1,1,1,5.6,12.5,3,13.4,74.5,,7,30,3.2,25,8,4,6,7,0,80,,,,,9,7,16,39.7,100,82,,10,9,,,5,5,6,6,41,84.7,,7,119,13,11,0,1.9,10,37,22,17,56.4,93.9,,2,3,9,8,45,50,103,150,,,,,,,65.3,,,634,70,437,127,30.4,16.3,6.9,7.2,13,5,3.5,2,2.5,72.5,0,1.5,10,47.7,15,3,6,3,3
Norway,DB2018,82.7,94.3,4,4,0.9,4,4,0.9,4.8,80.7,,11,109.5,0.5,11,2,1,2,3,0,3,84.3,,4,66,11.4,6,2,1,1,1,1,0,0.8,1.1,3,10.1,87.3,,1,3,2.5,20,7,3.5,4,5.5,0,55,,,,,5,6,11,0,100,76,,7,5,,,8,5,6,7,38,84.8,,4,83,37.7,21.8,15.9,0,9,14,12,29,62.6,97,,2,2,2,2,0,0,125,125,,,,,,,81.3,,,400,40,300,60,9.9,8,1.3,0.6,14,3.5,4,4,2.5,85.9,1,0.9,1,93.1,11.5,2.5,5,1,3
Oman,DB2018,68.6,93.5,4,4,3.2,5,5,3.2,0,75.2,,15,125,0.8,11,2,1,2,3,1,2,83.6,,5,62,51.5,7,2,1,1,1,1,1,2.8,1.4,5,5.3,70.7,,3,30,6,16,5,1.5,4,5.5,0,35,,,,,1,6,7,26.7,0,52,,8,5,,,3,3,4,3,26,90.6,,15,68,23.9,10.8,13,0,No VAT,No VAT,18,0,85.3,79.2,,7,7,52,70,107,124,279,394,,,,,,,61.9,,,598,28,450,120,15.1,10,4.5,0.6,7.5,4,1,0,2.5,44.1,0,3,7,41.4,7,2,4,0,1
Pakistan,DB2018,53,76.6,13,19.5,7.9,13,19.5,7.9,0,51.2,,19,286,8.8,12,2,1,1.4,2.7,1,4,42.9,,6,162,1284.9,0,0,1,1,1,1,0,..,..,3,18.8,39.3,,9,157,4.2,7.9,2,2.3,0,3.5,0,45,,,,,2,7,9,9.9,6.7,72,,6,7,,,6,5,7,5,36,46.4,,47,312,33.9,18.3,14.5,1.1,84,79,68,19,10.5,67.5,,55,96,75,120,118,130,288,287,,,,,,,43.5,,,1071,83,665,323,20.5,12.4,6.3,1.8,5.7,2,1.2,0.5,2,45.8,0,2.6,4,44.5,7,2,3,0,2
Pakistan - Karachi,DB2018,51.8,76.6,13,19.5,7.9,13,19.5,7.9,0,50.4,,18,261,12.4,12.5,2,1,1,3,1.5,4,39.1,,6,186,1677.8,0,0,1,1,1,1,0,..,..,3,18.8,31.4,,9,209,4.2,6,0,2.5,0,3.5,0,45,,,,,2,7,9,9.9,6.7,72,,6,7,,,6,5,7,5,36,46.4,,47,312,33.8,18.3,14.5,1.1,84,79,68,19,10.5,67.5,,55,96,75,120,118,130,288,287,,,,,,,44.4,,,1096,96,700,300,18.1,11,5.9,1.2,6,2,1.5,0.5,2,45.3,0,2.8,4,43.4,7,2,3,0,2
Pakistan - Lahore,DB2018,55.3,76.6,13,19.5,7.9,13,19.5,7.9,0,52.6,,21,331,2.2,11,2,1,2,2,0,4,50,,6,117,555.1,0,0,1,1,1,1,0,..,..,3,18.8,53.9,,9,59,4.2,11.5,6,2,0,3.5,0,45,,,,,2,7,9,9.9,6.7,72,,6,7,,,6,5,7,5,36,46.4,,47,312,33.9,18.3,14.6,1.1,84,79,68,19,10.5,67.5,,55,96,75,120,118,130,288,287,,,,,,,41.9,,,1025,60,600,365,25,15,7,3,5,2,0.5,0.5,2,46.9,0,2.3,4,46.5,7,2,3,0,2
Palau,DB2018,53.7,82,8,28,2.9,8,28,2.9,7.7,62.3,,20,90,3.8,7,2,0,2,3,0,0,54.8,,5,125,64.7,0,0,1,1,0,0,0,482.3,28,30,26.1,74.7,,5,14,0.2,12,3,2,2,5,0,50,,,,,10,0,10,0,0,14,,0,0,,,7,0,0,0,7,69.2,,11,52,75.5,65.8,9.6,0.1,No VAT,No VAT,No corporate income tax,No corporate income tax, ,61,,72,96,102,84,100,100,505,605,,,,,,,52.2,,,810,45,400,365,35.3,27,7.6,0.7,9.5,3.5,1.5,3.5,1,16.4,0,2,22.5,30.4,0,0,0,0,0
Panama,DB2018,66.5,91.9,5,6,6.5,5,6,6.5,0,68.1,,18,105,2.6,9,2,1,0,3,1,2,89.8,,5,35,17.2,8,3,1,1,1,1,1,0.9,0.9,3,21.2,65.2,,7,22.5,2.4,11,3,3,0,5,0,80,,,,,8,8,16,0,66.8,56,,4,4,,,8,6,1,5,28,39.7,,52,417,37.2,12.4,20,4.8,No VAT refund per case study scenario,No VAT refund per case study scenario,28,99,12.8,85.5,,6,6,24,24,60,50,270,490,,,,,,,49,,,790,60,365,365,38,24.8,13,0.2,8,3.5,1,1,2.5,39.6,0,2.5,25,27.1,8,2.5,3,0.5,2
Papua New Guinea,DB2018,59.4,79.9,6,41,20.3,6,41,20.3,0,64.4,,17,217,1.2,10,2,1,2,3,0,2,65.5,,4,66,27.2,0,0,1,1,1,1,1,136,88,5,31.5,55.4,,4,72,5.2,4.5,1,1.5,0,2,0,70,,,,,9,5,14,0,7,58,,5,5,,,9,6,2,2,29,71.7,,32,199,39.3,23.2,11.7,4.4,3,44,5,0,77.1,60.5,,96,120,42,72,75,85,660,790,,,,,,,36.2,,,591,30,381,180,110.3,82.8,11,16.5,8.5,4,1.5,1,2,32.3,0,3,23,25.2,6,2,3,0,1
Paraguay,DB2018,58,75.2,7,35,58.2,7,35,58.2,0,70.5,,14,121,1.6,8,1,1,0,3,1,2,67.1,,5,67,161.6,2,0,0,1,0,0,1,41,32.4,3,7.1,66.1,,6,46,1.8,12,3,1,2,6,0,40,,,,,1,7,8,25.4,44.6,34,,6,5,,,6,0,0,0,17,64.1,,19,378,35,9.6,18.6,6.7,No VAT refund per case study scenario,No VAT refund per case study scenario,9,0,46.6,64,,24,36,120,48,120,135,815,500,,,,,,,57.9,,,606,30,466,110,30,20,5.5,4.5,8.5,3,1.5,1.5,2.5,41.3,0,3.9,9,21.6,9.5,2.5,4,1,2
Peru,DB2018,67.8,78.6,8,41,7.5,8,41,7.5,0,70.7,,19,137,1.8,12,2,1,3,3,1,2,74.4,,6,67,501.6,6,1,1,1,1,1,1,8.9,2.3,3,12.2,71.7,,6,9.5,3.9,17.5,7,5.5,0,5,0,75,,,,,7,8,15,37.4,100,68,,9,6,,,6,6,2,5,34,66.2,,8,260,35.6,21.4,11,3.2,No VAT refund per case study scenario,No VAT refund per case study scenario,17,31,19.2,68.2,,48,72,48,72,50,80,630,700,,,,,,,59.1,,,478,80,223,175,41.2,30,4.7,6.5,9.5,4.5,2.5,0,2.5,45.7,0,3.1,7,29.7,9.5,2.5,3.5,0.5,3
Philippines,DB2018,59.3,64.2,17,39,19.7,17,39,19.7,3,66.7,,23,122,2.7,12,2,1,2,3,1,3,84.3,,4,37,25.3,5,1,1,1,1,1,0,4.6,4,5,17.7,56.7,,9,35,4.3,11.5,1,3,4,4.5,-1,40,,,,,1,7,8,0,10.7,40,,2,3,,,7,0,4,4,20,69.7,,19,182,42.9,20.3,8.7,14,No VAT refund per case study scenario,No VAT refund per case study scenario,2,0,50,70.6,,36,96,43,72,53,68,456,690,,,,,,,46,,,962,58,700,204,31,20,6,5,7.5,3.5,1.5,0,2.5,55.2,0,2.7,32,21.3,14,2.5,5.5,3,3
Poland,DB2018,77.9,82.8,5,37,12,5,37,12,10.7,76.3,,12,137,0.3,10,1,1,2,2,2,2,81.3,,4,122,18.6,7,2,1,1,1,1,1,1.2,1,3,14.1,76.5,,6,33,0.3,19.5,7,2.5,4,6,0,75,,,,,7,8,15,0,85.7,66,,7,2,,,9,5,4,6,33,79.5,,7,258,40.5,14.5,25,1,8,8,6,18,77.4,100,,1,1,0,0,0,0,0,0,,,,,,,63.4,,,685,60,480,145,19.4,12,5.4,2,10.5,4.5,1.5,1.5,3,77.7,1,3,15,63.1,14,3,6,3,2
Portugal,DB2018,76.5,90.9,6,6.5,2.1,6,6.5,2.1,0,73.1,,14,160,1.2,11,2,1,2,3,1,2,83.3,,5,65,36,7,3,1,1,1,1,0,0.6,0.8,3,17.4,79.4,,1,1,7.3,20,6,4.5,4,5.5,0,45,,,,,2,7,9,100,7.8,62,,6,5,,,7,3,4,6,31,83.7,,8,243,39.8,12.5,26.8,0.5,4,14,1,0,92.7,100,,1,1,0,0,0,0,0,0,,,,,,,67.9,,,755,30,545,180,17.2,10.7,6,0.5,13.5,3.5,5,2.5,2.5,79.7,1,3,9,63.8,14.5,3,5.5,3,3
Puerto Rico,DB2018,69.8,91.3,6,5.5,0.8,6,5.5,0.8,0,60.2,,22,165,6.3,12,2,1,2,3,1,3,76.9,,5,32,228.3,4,1,1,1,0,0,1,8,4.4,5,24.5,46.4,,8,191,1.6,13.5,7,3,0,3.5,0,95,,,,,12,7,19,0,100,56,,7,6,,,8,1,1,5,28,52,,16,218,64.4,30.8,13.4,20.2,No VAT,No VAT,41,105,13.8,81.9,,2,2,48,48,75,75,386,386,,,,,,,54.4,,,630,40,500,90,30.2,23,5.6,1.6,7,3,1.5,0.5,2,84.2,1,2.5,11,69.4,15,3,6,3,3
Qatar,DB2018,66,84.3,9,9.5,6.3,10,10.5,6.3,0,84.2,,13,87.5,0.1,13,2,1,2,3,1,4,81.1,,4,67,9.2,5,3,1,1,0,0,0,0.4,0.2,5,4.1,83.7,,6,12,0.3,25,8,3,8,6,0,35,,,,,1,6,7,28.1,0,28,,2,2,,,2,3,2,3,14,99.4,,4,41,11.3,0,11.3,0,No VAT,No VAT,No corporate income tax,No corporate income tax, ,71.5,,10,72,25,48,150,290,382,558,,,,,,,54.6,,,570,60,450,60,21.6,15.5,2.5,3.6,4.5,2.5,0,0,2,38.4,0,2.8,22,30.7,7,2,4,0,1
Romania,DB2018,73,89.7,6,12,0.4,6,12,0.4,0.5,58.3,,24,260,2,13,2,1,2,3,1,4,53.3,,9,174,510.9,7,2,1,1,1,1,1,2.6,2.7,3,8,74.8,,6,15,1.4,17,5,6,0,6,0,80,,,,,9,7,16,17.3,54.8,62,,9,4,,,5,5,3,5,31,80.3,,14,163,40,12.3,25.8,1.9,23,28,2,0,76.8,100,,1,1,0,0,0,0,0,0,,,,,,,72.2,,,512,52,365,95,25.8,7.7,8.1,10,14,5,4,2,3,59.8,0,3.3,10.5,35.6,13,2.5,6,2.5,2
Russian Federation,DB2018,76.5,93,4,10,1.1,4,10,1.1,0,73.2,,14,203,1.3,13,2,1,2,3,1,4,92.8,,3,83,41.5,8,3,1,1,1,1,1,0.3,0.1,1,7.8,88.6,,4,14,0.2,26,8,6,4,8,0,80,,,,,9,7,16,0,81.8,58,,6,2,,,7,5,4,5,29,79.1,,9,168,47.5,8.8,36.3,2.5,7,24,6,11,75.8,70.9,,25,43,72,39,92,153,580,520,,,,,,,72.2,,,337,60,157,120,16.5,11.5,5,0,9.5,3,4,0,2.5,57.6,0,2,9,40.2,11.5,2.5,5,1,3
Russian Federation - Moscow,DB2018,76.6,92.8,4,11,1.1,4,11,1.1,0,72.2,,15,202.5,1.4,13,2,1,2,3,1,4,93.2,,3,80,35,8,3,1,1,1,1,1,0.3,0.1,1,7.8,88.6,,4,14,0.2,26,8,6,4,8,0,80,,,,,9,7,16,0,81.8,58,,6,2,,,7,5,4,5,29,78,,9,168,47.6,8.8,36.3,2.6,7,24,8,16,71.4,73.5,,26,43,72,14,80,160,580,400,,,,,,,72.7,,,340,60,160,120,15,10,5,0,9.5,3,4,0,2.5,57.6,0,2,9,40.2,11.5,2.5,5,1,3
Russian Federation - Saint Petersburg,DB2018,76.3,93.6,4,8,1.1,4,8,1.1,0,75.5,,12,203,1.1,13,2,1,2,3,1,4,92,,3,90,56.5,8,3,1,1,1,1,1,0.2,0.1,1,8,88.6,,4,14,0.2,26,8,6,4,8,0,80,,,,,9,7,16,0,81.8,58,,6,2,,,7,5,4,5,29,81.8,,9,168,47.3,8.8,36.3,2.2,7,24,3,0,86.1,65,,24,43,72,96,120,135,580,800,,,,,,,71.1,,,330,60,150,120,20,15,5,0,9.5,3,4,0,2.5,57.6,0,2,9,40.2,11.5,2.5,5,1,3
Rwanda,DB2018,71.1,87.7,5,4,44.6,5,4,44.6,0,65.6,,15,113,13.2,14,2,1,3,3,1,4,60.7,,4,34,2722.6,0,0,1,1,1,1,1,..,..,10,16.4,93.3,,3,7,0.1,28,8,4.5,8,7.5,0,90,,,,,10,8,18,8.2,19.5,44,,8,9,,,5,0,0,0,22,84.2,,9,95,33.2,25.7,5.9,1.5,9,41,19,7,63.7,72.4,,42,48,97,86,110,121,183,282,,,,,,,65.1,,,230,20,120,90,65.3,28,14,23.3,14,3,4.5,4,2.5,47.8,0,2.5,29,19.1,12,3,6,0,3
Samoa,DB2018,62.1,92.5,4,9,7.3,4,9,7.3,0,68.8,,18,57,0.8,6,1,1,0,0,0,4,79.7,,4,34,615.2,4,0,1,1,1,0,1,25.3,20,5,36.7,69.1,,5,15,3.8,12.5,6,1.5,0,5,0,45,,,,,9,0,9,0,0,40,,5,6,,,9,0,0,0,20,75.7,,37,224,19.3,10.9,8.5,0,10,14,9,0,86.6,57.8,,24,25,51,84,180,230,1400,900,,,,,,,58.6,,,455,35,240,180,24.4,15,5,4.4,5.5,2.5,0,0.5,2.5,33.4,0,2,38,18.5,7.5,2.5,3,1,1
San Marino,DB2018,61.9,83.6,8,12.5,9.1,8,12.5,9.1,30.4,68.7,,15,145.5,7.5,13,2,1,2,3,1,4,91.4,,3,38,43,6,2,1,1,1,0,1,0.3,1.5,1,13.7,65.7,,9,42.5,4.1,23,5,4,8,6,0,5,,,,,1,0,1,0,0,26,,3,2,,,8,0,0,0,13,82.2,,18,52,35.7,5.1,30.3,0.3,No VAT,No VAT,13,14,67.8,97.5,,1,3,0,4,0,100,0,50,,,,,,,59.2,,,575,45,350,180,13.9,10.5,2.9,0.5,5.5,1.5,1,1.5,1.5,39.5,0,2.3,5,47.2,4.5,1.5,2,1,0
São Tomé and Príncipe,DB2018,44.7,77.3,6,7,13.2,6,7,13.2,192.4,66.5,,16,67,2.3,5,0.5,0,2,2,0.5,0,62,,4,89,370.8,0,0,0,0,0,1,0,..,..,N/A,17.9,41.1,,8,52,10.2,4.5,0,1.5,0,3,0,25,,,,,0,5,5,11.9,0,20,,3,1,,,6,0,0,0,10,61.8,,46,424,37,19.4,6.8,10.8,No VAT,No VAT,10,0,92.2,66,,46,17,83,150,194,75,426,406,,,,,,,27,,,1185,90,730,365,50.5,23.4,11.4,15.7,4.5,1.5,1.5,0,1.5,0,0,No Practice,No Practice,0,0,2,4,0,0
Saudi Arabia,DB2018,62.1,80,10,17,6.8,12,19,6.8,0,76.6,,15,105.5,2.1,12,2,1,2,3,0,4,76.8,,5,68,32.1,5,2,1,1,1,0,0,1.9,1.2,5,8.5,81.2,,2,1.5,0,10,4,1.5,0,4.5,0,45,,,,,1,8,9,0,50.2,76,,9,8,,,4,5,6,6,38,75,,3,40,15.7,2.2,13.5,0,No VAT,No VAT,71,34,0,49.6,,81,122,69,228,105,390,363,779,,,,,,,60.6,,,575,30,365,180,27.5,20,7.5,0,9,4,2,1,2,0,0,No Practice,No Practice,0,0,2,0,0,0
Senegal,DB2018,54,89.7,4,6,33.8,4,6,33.8,4.6,59.1,,14,177,10.1,10,2,1,2,2,2,1,60.8,,6,75,3619.6,5,0,1,1,1,1,1,95.4,50.4,5,17.7,55.4,,5,56,7.8,10,0,4,0,6,0,30,,,,,6,0,6,0.6,2.4,44,,7,1,,,6,4,2,2,22,48.1,,58,441,45.1,16.2,23.6,5.3,34,17,12,0,71.8,60.9,,26,72,62,53,96,545,547,702,,,,,,,48.2,,,740,35,390,315,36.4,28,8,0.4,6.5,3,1,0,2.5,44.1,0,3,20,29.7,9,2,5.5,0.5,1
Serbia,DB2018,73.8,92.6,5,5.5,2.3,5,5.5,2.3,0,83.1,,12,106,2,14,2,1,2,3,2,4,70,,5,125,223.5,5,1,1,1,1,0,1,4,3.5,3,6.6,71.2,,6,34,2.7,18,5,4,4,5,0,65,,,,,6,7,13,0,100,62,,4,6,,,5,5,6,5,31,74.7,,33,226,36.7,13,20.2,3.5,4,15,5,0,91.1,96.6,,2,3,4,4,35,35,47,52,,,,,,,61.9,,,635,30,495,110,39.6,14.5,13.9,11.2,13,5,4.5,1.5,2,60.5,0,2,20,34,13.5,2.5,6,3,2
Seychelles,DB2018,61.5,78.7,9,32,13.2,9,32,13.2,0,65.5,,16,138,0.3,6,2,0,1,3,0,0,71.3,,5,52,347.5,3,3,0,0,0,0,0,0.4,0.1,1,31,70.8,,4,33,7,21,6,5,4,6,0,35,,,,,2,5,7,66.9,0,34,,4,8,,,5,0,0,0,17,84.7,,29,85,30.1,18.8,2.3,9.1,0,17,2,0,93.4,71.8,,44,33,82,97,115,93,332,341,,,,,,,51.2,,,915,75,720,120,15.4,10,3,2.4,6.5,3,1,0.5,2,52.1,0,2,11,38.8,10,2.5,5,0.5,2
Sierra Leone,DB2018,47.1,90.9,5,8,10.3,5,8,10.3,0,38.4,,17,182,22.8,7,1,1,2,3,0,0,30.6,,8,82,5365.7,0,0,0,0,0,0,1,..,..,N/A,24.1,43.3,,7,56,10.8,6.5,0,3,0,3.5,0,25,,,,,5,0,5,1.5,0,40,,6,8,,,6,0,0,0,20,73,,34,343,30.7,18.5,11.3,1,No VAT,No VAT,7,0,95.4,49,,72,137,55,120,227,387,552,821,,,,,,,55.9,,,515,30,395,90,39.5,15,4.5,20,8,4.5,2,0,1.5,24.7,0,2.3,42,11.1,6,2,3,0,1
Singapore,DB2018,85.6,96.5,3,2.5,0.5,3,2.5,0.5,0,84.7,,10,41,3.4,12,2,1,2,3,0,4,91.3,,4,30,25.3,7,3,1,1,1,1,0,0,0,1,10,83.2,,6,4.5,2.9,28.5,8,5.5,8,7,0,75,,,,,8,7,15,0,67.8,86,,10,9,,,9,5,5,5,43,91.6,,5,64,20.3,1.5,17.8,1.1,5,21,17,13,72,89.6,,2,3,10,33,37,40,335,220,,,,,,,83.6,,,164,6,118,40,25.8,20.9,2.8,2.1,15,4.5,4.5,4,2,74.3,1,0.8,4,88.7,8.5,3,4,0.5,1
Slovak Republic,DB2018,75.2,82,8,26.5,1.1,8,26.5,1.1,17.2,59.3,,14,300,0.2,8,2,0,2,3,1,0,83.2,,5,89,244.5,8,3,1,1,1,1,1,0.8,0.5,3,12.9,90.2,,3,16.5,0,25.5,6,5.5,8,6,0,70,,,,,7,7,14,3.2,79.4,56,,3,4,,,7,5,5,4,28,80.5,,8,192,50.1,9.5,39.7,0.9,5,24,2,0,87.2,100,,1,1,0,0,0,0,0,0,,,,,,,64.3,,,775,70,525,180,20.5,14,6.4,0.1,12.5,3.5,4,3,2,66.1,1,4,18,47.3,13,3,4,3,3
Slovenia,DB2018,76.4,94.7,2,6,0,2,6,0,39.6,65.1,,17,247.5,2.9,13,2,1,2,3,1,4,89.2,,5,38,107.1,8,3,1,1,1,1,1,0.5,0.2,3,13.8,72.1,,7,50.5,2.2,23,6,3.5,8,5.5,0,45,,,,,3,6,9,100,0,78,,5,9,,,8,6,6,5,39,83.3,,10,233,31,12.7,18.2,0.2,3,5,29,6,80,100,,1,1,0,0,0,0,0,0,,,,,,,53,,,1160,30,800,330,12.7,7.6,3.5,1.6,10.5,4.5,2,1.5,2.5,83.7,1,0.8,4,88.7,11.5,2.5,6,2,1
Solomon Islands,DB2018,54.9,85.4,7,9,28.9,7,9,28.9,0,49.1,,14,99,20.8,8,2,1,1,2,1,1,66.2,,4,53,1273.7,1,1,0,0,0,0,0,6.6,3.9,2,67.9,47.4,,10,86.5,4.7,11,0,1.5,4,5.5,0,50,,,,,10,0,10,0,1.1,38,,3,7,,,9,0,0,0,19,83.8,,34,80,32,23.3,8.5,0.3,No VAT,No VAT,2,0,100,53.4,,60,37,110,108,257,215,630,740,,,,,,,43.5,,,497,45,182,270,78.9,55.5,5.1,18.3,9,3,1.5,2,2.5,31.9,0,1,38,24.5,6,2,3,0,1
Somalia,DB2018,20,45.8,9,70,203.6,9,70,203.6,0,0,,No Practice,No Practice,No Practice,No Practice,No Practice,No Practice,No Practice,No Practice,No Practice,No Practice,0,,No Practice,No Practice,No Practice,No Practice,No Practice,No Practice,No Practice,No Practice,No Practice,No Practice,No Practice,No Practice,No Practice,No Practice,47.8,,5,188,1.6,7.5,2,0,0,5.5,0,0,,,,,0,0,0,0,0,0,,0,0,,,0,0,0,0,0,0,,No Practice,No Practice,No Practice,No Practice,No Practice,No Practice,No Practice,No Practice,No Practice,No Practice,0,51.6,,73,76,44,85,350,300,495,952,,,,,,,54.6,,,575,30,365,180,21.4,10,6.4,5,4.5,2.5,0,0,2,0,0,No Practice,No Practice,0,0,0,0,0,0
South Africa,DB2018,65.3,80,7,45,0.2,7,45,0.2,0,68.3,,20,155,2,12,2,1,2,3,0,4,56.3,,5,109,165.4,0,0,1,1,1,0,1,..,..,1,15.1,59.3,,7,23,7.6,14.5,5,3,2,4.5,0,60,,,,,5,7,12,0,64.4,80,,8,8,,,8,5,6,5,40,81.2,,7,210,28.9,21.7,4,3.2,9,17,11,32,60.3,59.7,,68,36,92,87,55,73,1257,668,,,,,,,54.1,,,600,30,490,80,33.2,22.6,7.6,3,7,2,2,0.5,2.5,54.5,0,2,18,34.4,11.5,3,6,0.5,2
South Sudan,DB2018,31.6,55.7,12,13,305,12,13,305,0,36.6,,23,124,22.5,7,0,1,1,2,0,3,0,,No Practice,No Practice,No Practice,No Practice,No Practice,No Practice,No Practice,No Practice,No Practice,No Practice,No Practice,No Practice,No Practice,No Practice,36.2,,7,48,14.9,5,0,0,0,5,0,10,,,,,2,0,2,0,0,16,,2,1,,,5,0,0,0,8,76.7,,37,210,31.4,9.2,19.2,3,No VAT,No VAT,6,0,95.9,26.2,,192,360,146,179,194,350,763,781,,,,,,,59,,,228,28,155,45,30,15,10,5,3.5,1.5,0,0,2,0,0,No Practice,No Practice,0,0,2.5,2,0.5,1
Spain,DB2018,77.6,86.7,7,13,4.1,7,13,4.1,12.5,70.7,,13,147,4.7,11,2,1,2,3,1,2,83,,5,95,100.1,8,3,1,1,1,1,1,0.7,0.9,3,19.1,71.7,,6,13,6.1,22.5,7,3,6,6.5,0,60,,,,,5,7,12,79.3,15.9,70,,7,6,,,6,6,4,6,35,84.4,,9,152,46.9,10.6,35.6,0.7,0,17,2,0,93.6,100,,1,1,0,0,0,0,0,0,,,,,,,70.9,,,510,50,280,180,17.2,12.7,4.5,0,11.5,3.5,2.5,2.5,3,78.7,1,1.5,11,76.6,12,3,6,2,1
Sri Lanka,DB2018,60,87.7,7,9,10.4,7,9,10.4,0,68.3,,14,115,0.3,5.5,1.5,0,1,3,0,0,74,,5,100,799.4,6,2,1,1,1,0,1,2.8,2.7,5,20.1,45.9,,9,51,5.1,2.5,0,1.5,0,1,0,40,,,,,2,6,8,0,35,72,,8,5,,,7,5,6,5,36,53.9,,47,162,55.2,1.2,16.9,37.1,No VAT refund per case study scenario,No VAT refund per case study scenario,3,0,49.3,73.3,,48,48,43,72,58,283,366,300,,,,,,,39.3,,,1318,62,1000,256,22.8,20.2,1.1,1.5,7.5,4.5,0,0.5,2.5,45,0,1.7,10,42.9,7,2.5,3,0.5,1
St. Kitts and Nevis,DB2018,54.6,85.8,7,18.5,7.2,7,18.5,7.2,0,73.4,,12,105,0.5,7,0,1,2,3,0,1,70.1,,4,18,239.2,0,0,0,0,0,0,0,..,..,N/A,30,28.8,,6,224,11,9,1,1.5,0,6.5,0,25,,,,,5,0,5,0,0,52,,4,8,,,8,3,1,2,26,64.4,,39,203,49.7,30.5,11.2,8,10,43,2,0,75.7,81,,24,33,27,37,100,90,335,311,,,,,,,65.5,,,578,28,400,150,26.6,18,5.2,3.4,11.5,4.5,3,1.5,2.5,0,0,No Practice,No Practice,0,0,2.5,4.5,1,3
St. Lucia,DB2018,63.6,88.8,5,11,21.5,5,11,21.5,0,76.2,,14,116,0.6,10.5,2,1,2,3,0.5,2,82.9,,6,26,203.7,7,3,1,1,1,0,1,0.4,0.4,0,31.5,60,,9,17,7.1,18.5,2,2,8,6.5,0,25,,,,,5,0,5,0,0,58,,4,8,,,8,3,4,2,29,75.5,,35,110,34.7,25.8,5.6,3.3,8,26,5,9,76.9,73.9,,19,14,27,27,63,98,718,842,,,,,,,59.7,,,645,21,444,180,37.3,29.3,2,6,11.5,4.5,3,1.5,2.5,35.8,0,2,9,43.3,4,2,2,0,0
St. Vincent and the Grenadines,DB2018,57,86.8,7,10,15.8,7,10,15.8,0,74.4,,14,92,0.1,8,1,1,2,2,1,1,71.1,,3,52,52.5,0,0,1,0,0,0,1,..,..,N/A,29.7,43.1,,7,47,11.8,7,0,1.5,0,5.5,0,25,,,,,5,0,5,0,0,58,,4,8,,,8,3,4,2,29,70.3,,36,108,39.3,29.8,6.2,3.3,12,31,23,9,63.9,77.4,,48,24,28,48,80,90,340,540,,,,,,,63.7,,,595,30,445,120,30.3,14.3,7.8,8.2,11.5,4.5,3,1.5,2.5,0,0,No Practice,No Practice,0,0,2.5,4.5,1,3
Sudan,DB2018,45,73.5,10,36,27.8,11,37,27.8,0,64.6,,16,255,2.3,12,2,1,2,2,1,4,63.3,,5,70,2311.2,3,0,1,1,0,0,1,58.6,14.4,5,5.4,63.6,,6,11,2.6,5.5,3,0,0,2.5,0,15,,,,,3,0,3,0,2.4,26,,3,1,,,4,2,2,1,13,51.8,,42,180,45.4,11.5,19.2,14.7,No VAT refund per case study scenario,No VAT refund per case study scenario,60,6,20.2,19,,190,132,180,144,428,420,967,1093,,,,,,,46.9,,,810,90,310,410,19.8,12.3,5,2.5,3.5,2,0,0,1.5,26.4,0,2,20,31.6,3,2,1,0,0
Suriname,DB2018,47.4,61.5,8,66,94,8,66,94,0,66.4,,10,223,0.2,6.5,1,1,0,2,1.5,1,58.6,,4,113,633.7,0,0,1,1,0,0,1,..,..,30,9.1,45.1,,6,46,14.2,11.5,4,3.5,0,4,0,10,,,,,2,0,2,0,0,28,,1,0,,,6,4,2,1,14,69.6,,30,199,27.9,27.9,0,0,No VAT refund per case study scenario,No VAT refund per case study scenario,4,0,48.9,75,,12,24,84,48,40,40,468,658,,,,,,,25.9,,,1715,165,1095,455,37.1,17.7,5.3,14.1,3.5,1.5,0,0,2,34,0,5,30,8,9.5,2.5,4,1,2
Sweden,DB2018,82.2,94.7,3,7,0.5,3,7,0.5,11.1,77.9,,8,117,2,9,2,1,3,3,0,0,96.2,,3,52,31.2,8,3,1,1,1,1,1,0.6,0.5,3,11,90.5,,1,7,4.3,28,8,5,8,7,0,60,,,,,7,5,12,0,100,72,,8,4,,,7,5,6,6,36,85.3,,6,122,49.1,13.1,35.4,0.6,11,8,5,0,90.7,98,,1,1,2,0,40,0,55,0,,,,,,,67.6,,,483,28,365,90,30.4,28,2.3,0.1,12,3.5,4,2,2.5,79.5,1,2,9,78.1,12,3,6,1,2
Switzerland,DB2018,76.6,88.4,6,10,2.3,6,10,2.3,25.4,71.7,,13,156,0.7,9,2,1,2,3,0,1,94.4,,3,39,59.2,7,3,1,1,1,0,1,0.2,0.2,3,12.5,86.1,,4,16,0.3,23.5,7,2.5,8,6,0,65,,,,,6,7,13,0,25.6,50,,0,5,,,5,5,5,5,25,87.7,,19,63,28.8,9.3,17.7,1.8,2,15,10,9,83.2,96.1,,2,2,1,1,27,27,115,115,,,,,,,64.1,,,598,40,408,150,24,14.1,9.1,0.8,10.5,4.5,1,2.5,2.5,62.6,0,3,4.5,46.7,12,3,4,1,4
Syrian Arab Republic,DB2018,41.4,80.4,7,15,7.9,8,16,7.9,84,0,,No Practice,No Practice,No Practice,No Practice,No Practice,No Practice,No Practice,No Practice,No Practice,No Practice,52,,5,146,247.3,0,0,0,0,1,0,1,..,..,N/A,7.4,45.2,,4,48,28,8.5,2,2.5,0,4,0,15,,,,,1,2,3,7.1,0,54,,7,5,,,3,3,5,4,27,74,,20,336,42.7,23,19.3,0.4,No VAT,No VAT,10,0,92.2,29.8,,48,149,84,141,725,742,1113,828,,,,,,,42.6,,,872,58,590,224,29.3,16.3,4.5,8.5,4,2,0,0,2,21.4,0,4.1,16,10.8,5,2,2,0,1
"Taiwan, China",DB2018,80.7,94.4,3,10,2,3,10,2,0,86.3,,10,93,0.4,13,2,1,2,3,1,4,96.3,,3,22,38.9,7,3,1,1,1,1,0,0.3,0.2,1,10.9,83.9,,3,4,6.2,28.5,8,4.5,8,8,0,50,,,,,2,8,10,0,98.4,74,,9,5,,,7,4,5,7,37,85.2,,11,221,34.3,12.5,18.3,3.4,3,12,7,0,92.2,84.9,,5,4,17,47,84,65,335,340,,,,,,,75.1,,,510,30,360,120,18.3,15.5,2.6,0.2,14,3.5,4.5,3,3,77.1,1,1.9,4,82.2,10.5,2.5,5.5,0.5,2
Tajikistan,DB2018,54.3,90.8,4,10,19.3,4,10,19.3,0,60.5,,26,157,3.3,12,2,1,2,3,0,4,38,,9,105,811.5,0,0,0,0,0,0,1,..,..,N/A,6.8,66,,4,33,3.1,7.5,0,1,0,6.5,0,40,,,,,1,7,8,0,39.4,40,,8,6,,,6,0,0,0,20,61.3,,7,224,66.3,17.7,28.5,20.2,No VAT refund per case study scenario,No VAT refund per case study scenario,11,7,40.4,57.2,,66,126,75,107,330,260,313,223,,,,,,,60.7,,,430,40,120,270,25.5,8.5,10,7,6.5,2.5,2,0,2,28.9,0,1.7,17,30.5,4,1.5,1,0.5,1
Tanzania,DB2018,54,72.1,11,29,48.1,11,29,48.1,0,56.4,,24,184,6.6,12,2,1,2,3,0,4,74,,4,109,843.8,5,0,1,1,1,1,1,24.9,10.8,4,13.6,50.1,,8,67,5.2,7.5,0,2.5,0,5,0,65,,,,,5,8,13,0,6.2,50,,2,6,,,8,3,2,4,25,50.8,,60,207,44.1,20.7,17.8,5.6,60,110,5,0,48.4,20.2,,96,240,96,402,275,375,1175,1350,,,,,,,61.7,,,515,60,365,90,14.3,10,4.3,0,6,3,1.5,0,1.5,39.5,0,3,22,21.2,9,3,4,1,1
Thailand,DB2018,78.5,92,5,6,6.2,5,6,6.2,0,71.8,,19,118,0.7,11,2,1,2,3,1,2,91,,4,32,45.3,7,3,1,1,1,1,0,0.5,1,1,12.6,69.3,,5,9,7.3,19,4,4.5,4,6.5,0,70,,,,,7,7,14,0,56.6,86,,10,7,,,9,5,6,6,43,76.7,,21,262,28.7,22.6,5.4,0.7,16,33,11,0,73.4,84.1,,11,4,51,50,97,44,223,233,,,,,,,67.9,,,420,60,260,100,16.9,10,6.5,0.4,8.5,3,2,1,2.5,75.6,1,1.5,18,68,12.5,2.5,5,3,2
Timor-Leste,DB2018,38,72.6,6,13,0.5,6,13,0.5,268.6,55.3,,16,207,0.5,3,0,0,1,2,0,0,63,,3,93,1258,0,0,0,0,0,0,0,..,..,N/A,24,0,,No Practice,No Practice,No Practice,No Practice,No Practice,No Practice,No Practice,No Practice,No Practice,20,,,,,0,4,4,5.6,0,28,,5,4,,,5,0,0,0,14,65,,18,156,11.2,11.2,0,0,No VAT,No VAT,55,65,1.4,69.9,,33,44,96,100,100,115,350,410,,,,,,,6.1,,,1285,200,995,90,163.2,155.7,4,3.5,2.5,1.5,1,0,0,0,0,No Practice,No Practice,0,0,2.5,6,1,2
Togo,DB2018,48.8,82.5,5,6,66,5,6,66,31.5,44,,12,169,14.9,3,1,0,0,2,0,0,54.3,,3,66,5017.6,0,0,0,0,1,1,1,..,..,5,18.4,31.5,,5,283,9.1,6,0,2,0,4,0,30,,,,,6,0,6,0.6,0,42,,7,1,,,5,4,2,2,21,45,,49,216,48.5,10.7,23.1,14.7,No VAT refund per case study scenario,No VAT refund per case study scenario,37,24,14.9,63.7,,11,180,67,168,25,252,163,612,,,,,,,48.1,,,488,23,285,180,47.5,19,11.1,17.4,5,3,0,0,2,46.4,0,3,15,34,9,2,5.5,0.5,1
Tonga,DB2018,61.6,90.8,4,16,7.1,4,16,7.1,0,73.9,,14,77,6.7,12,2,1,2,3,1,3,73.2,,5,42,89.9,3,0,1,1,1,0,0,18.8,14.7,5,39.9,43.4,,4,112,15.1,15.5,2,1.5,8,6,-2,70,,,,,10,4,14,0,17,30,,3,3,,,9,0,0,0,15,70.6,,30,200,27.5,21.2,5.6,0.7,42,33,14,8,52.5,72.6,,108,72,52,26,70,148,201,330,,,,,,,57.3,,,350,7,263,80,30.5,22.5,6.7,1.3,4.5,2.5,1,0.5,0.5,34,0,2.7,22,28.3,6,2,3,0,1
Trinidad and Tobago,DB2018,61.2,88.6,7,10.5,0.8,7,10.5,0.8,0,64.1,,16,254,0.1,10,2,1,1,3,0,3,84.3,,4,61,212.4,6,1,1,1,1,1,1,6.7,4.7,2,7.3,46.7,,9,77,7,11,4,1.5,2,3.5,0,65,,,,,7,6,13,0,75.5,64,,4,9,,,8,5,4,2,32,52.2,,39,210,36.2,21.5,9.4,5.3,77,40,54,32,8,62.6,,32,44,60,78,250,250,499,635,,,,,,,35.6,,,1340,85,1195,60,33.5,30.4,0.1,3,8,3,2,0.5,2.5,48.5,0,2.5,25,26.2,11,2.5,4.5,1,3
Tunisia,DB2018,65.3,81.6,11,13,4.6,11,13,4.6,0,73.6,,14,133,3.8,12,1,1,2,3,2,3,82.3,,4,65,712.1,6,2,1,1,1,0,1,3.1,2.5,2,9,61.8,,5,40,6.1,12,4,3,0,5,0,50,,,,,3,7,10,26.9,0,56,,4,7,,,5,4,4,4,28,60.1,,9,145,64.1,17,25.3,21.8,45,62,12,75,22.9,74.6,,3,27,12,80,200,144,375,596,,,,,,,58.4,,,565,55,300,210,21.8,13.8,5,3,6.5,4.5,0,0,2,54.5,0,1.3,7,52,8.5,2,5.5,0,1
Turkey,DB2018,70.9,81.9,10,10,15.9,10,10,15.9,7.8,69.6,,18,100,4.3,11,1,1,2,3,1,3,81,,4,55,457.7,5,0,1,1,1,1,1,20,11.3,5,12.1,81.5,,6,6,3,27,8,4,8,7,0,55,,,,,4,7,11,80.2,0,76,,9,5,,,6,6,6,6,38,73.1,,10,216,40.4,18.2,19.7,2.4,No VAT refund per case study scenario,No VAT refund per case study scenario,2,0,50,87.9,,5,2,10,32,55,55,356,267,,,,,,,69.9,,,609,30,450,129,24.9,12,3,9.9,14,3.5,5,3.5,2,33.3,0,5,14.5,15.3,8,3,2,1,2
Uganda,DB2018,57.9,71.1,13,24,42.6,13,24,42.6,0,65,,18,122,8,12,2,1,2,3,0,4,34.1,,6,66,7508.4,0,0,1,1,1,0,1,50.2,27.8,6,16.5,55,,10,42,3.1,10.5,3,3.5,0,4,0,60,,,,,5,7,12,0,6.4,56,,3,5,,,7,3,5,5,28,73.1,,31,195,33.7,22.3,11.3,0.1,9,16,20,11,72.3,61.7,,51,138,64,154,102,296,209,447,,,,,,,60.6,,,490,20,365,105,31.3,15,6.7,9.6,8.5,4,1.5,0.5,2.5,42.1,1,2.2,29.5,37.5,7,2.5,3,0.5,1
Ukraine,DB2018,68.1,91,6,6.5,0.8,6,6.5,0.8,0,78.2,,12,79,4.8,12,2,0,2,3,1,4,58.8,,5,281,525.2,6,2,1,1,1,0,1,3.9,2.1,3,6.9,69.7,,7,16,1.8,14.5,5,3,0,6.5,0,75,,,,,8,7,15,0,47.3,64,,7,2,,,6,4,6,7,32,80.8,,5,328,37.8,11.9,24.8,1.1,16,14,3,0,86,73,,66,168,6,32,192,212,75,100,,,,,,,59,,,378,48,150,180,46.3,25,9.9,11.4,9,3.5,2,2,1.5,31.4,0,2.9,40.5,8.9,8.5,2,4,0.5,2
United Arab Emirates,DB2018,79.3,91.2,4,8,13.4,5,9,13.4,0,86.5,,14,50.5,2.2,15,2,1,3,3,2,4,99.9,,2,10,25.2,8,3,1,1,1,1,1,0.3,0.3,5,12.3,89.6,,2,1.5,0.2,20.5,8,3,4,5.5,0,50,,,,,2,8,10,8.8,54.5,78,,10,9,,,4,4,7,5,39,99.4,,4,12,15.9,0,14.1,1.8,No VAT,No VAT,No corporate income tax,No corporate income tax, ,72.7,,6,12,27,54,140,283,462,678,,,,,,,75.9,,,445,21,280,144,21,10,9.4,1.6,14,5,4,3,2,49.8,0,3.2,20,28.7,11,2,6,2,1
United Kingdom,DB2018,83.2,94.6,4,4.5,0,4,4.5,0,0,80.3,,9,86,1.1,9,2,1,3,3,0,0,93.3,,3,79,24.9,8,3,1,1,1,1,1,0.3,0.2,3,16.1,75.3,,6,21.5,4.8,25.5,8,5.5,4,8,0,75,,,,,7,8,15,0,100,84,,10,7,,,8,6,5,6,42,86.9,,8,105,30.7,18.1,10.9,1.7,0,7,6,34,71,93.8,,4,2,24,3,25,0,280,0,,,,,,,68.7,,,437,30,345,62,45.7,35,9.5,1.2,15,4.5,5,3.5,2,80.2,1,1,6,85.2,11,3,5,1,2
United States,DB2018,83.6,91.2,6,6,1.1,6,6,1.1,0,79.8,,16,81,0.9,12.4,2,1,2,3,0.4,4,82.1,,5,90,23.7,7,3,1,1,.6,1,1,0.9,0.4,4.2,16.6,76.9,,4,15,2.4,17.6,7,3.2,4,3.4,0,95,,,,,11,8,19,0,100,71.6,,7,9,,,9,2,3,5,36,84.1,,11,175,43.8,27.9,9.8,6.1,No VAT,No VAT,8,0,94,92,,2,8,2,2,60,100,175,175,,,,,,,72,,,444,30,314,100,30.5,20.6,5,4.9,13.8,4.4,4.7,2.2,2.5,91.1,1,1,10,82.1,15,3,6,3,3
United States - Los Angeles,DB2018,81.5,90.7,6,8,0.8,6,8,0.8,0,79.4,,17,68,1.8,13,2,1,2,3,1,4,68.5,,6,134,38.9,6,2,1,1,0,1,1,2.1,0.9,3,17.9,77,,5,20,0.9,17,7,3.5,4,2.5,0,95,,,,,11,8,19,0,100,74,,8,8,,,9,2,4,6,37,85.5,,10,175,40.9,29.3,9.5,2.2,No VAT,No VAT,8,0,94,92,,2,8,2,2,60,100,175,175,,,,,,,61.3,,,555,30,425,100,42,30,5,7,12,3.5,5,1,2.5,91.1,1,1,10,82.1,15,3,6,3,3
United States - New York City,DB2018,85,91.6,6,4,1.3,6,4,1.3,0,80.1,,15,89,0.3,12,2,1,2,3,0,4,91.2,,4,60,13.6,8,3,1,1,1,1,1,0.1,0,5,15.8,76.8,,4,12,3.4,18,7,3,4,4,0,95,,,,,11,8,19,0,100,70,,7,9,,,9,2,3,5,35,83.2,,11,175,45.8,27.1,10,8.7,No VAT,No VAT,8,0,94,92,,2,8,2,2,60,100,175,175,,,,,,,79.1,,,370,30,240,100,22.9,14.4,5,3.5,15,5,4.5,3,2.5,91.1,1,1,10,82.1,15,3,6,3,3
Uruguay,DB2018,61,89.8,5,6.5,22.5,5,6.5,22.5,0,56,,19,265,0.9,8,1,1,2,3,1,0,82.1,,5,48,11.4,6,1,1,1,1,1,1,5.6,3,3,17.6,57.6,,9,66,7,22.5,7,3.5,6,6,0,60,,,,,4,8,12,100,100,30,,3,4,,,8,0,0,0,15,69.3,,20,190,41.8,23.6,15.6,2.6,No VAT refund per case study scenario,No VAT refund per case study scenario,3,0,49.5,57.1,,24,72,96,6,231,285,1038,500,,,,,,,56.3,,,725,35,420,270,23.2,14,6,3.2,8,2,3,1,2,52.1,0,1.8,7,41.7,9.5,2.5,6,1,0
Uzbekistan,DB2018,66.6,95.5,3,5,3.1,3,5,3.1,0,61.2,,17,246,3.4,11,2,1,2,3,1,2,85.5,,4,88,883.1,8,3,1,1,1,1,1,0.2,0.1,0.5,6.8,66.7,,9,43,1.2,18.5,5,2.5,4,7,0,65,,,,,6,7,13,0,40.1,60,,8,3,,,7,3,4,5,30,74.7,,10,181,38.3,11.5,24.9,1.9,No VAT refund per case study scenario,No VAT refund per case study scenario,6,0,48.2,44.3,,174,174,112,111,292,292,278,278,,,,,,,68.2,,,225,30,90,105,20.5,15,3.5,2,6.5,2.5,0,2,2,45,0,2,10,37.2,8,2.5,3,0.5,2
Vanuatu,DB2018,60.9,81.2,7,18,44.4,7,18,44.4,0,54,,15,123,9.8,5,1,0,1,3,0,0,72,,4,120,1090.4,5,1,1,1,1,1,0,6,6.2,3,35.1,65.6,,4,58,7,18.5,6,4.5,4,4,0,75,,,,,11,4,15,0,9.4,32,,5,6,,,5,0,0,0,16,77.8,,31,120,8.5,0,4.5,4,7,28,No corporate income tax,No corporate income tax,69,59.1,,72,48,38,126,190,183,709,681,,,,,,,49.3,,,430,30,200,200,56,40,6,10,6.5,3,1,0.5,2,43,1,2.6,38,45.1,6,2,3,0,1
"Venezuela, RB",DB2018,30,25,20,230,352.2,20,230,352.2,0,58,,11,434,2.8,10.5,1.5,1,2,3,1,2,16.8,,6,208,16713.5,0,0,0,0,0,0,0,..,..,N/A,704.6,50.1,,10,53,2.7,5.5,0,1.5,0,4,0,40,,,,,1,7,8,0,27.4,24,,3,2,,,3,1,2,1,12,12.9,,71,792,70.1,9.4,18,42.6,No VAT refund per case study scenario,No VAT refund per case study scenario,13,32,19.7,7.9,,528,1090,288,240,375,400,1250,1500,,,,,,,46.9,,,720,150,420,150,43.7,21.5,7.2,15,7,3.5,0.5,1,2,18.7,0,4,38,5.6,5,2,2,0,1
Vietnam,DB2018,67,82,9,22,6.5,9,22,6.5,0,79,,10,166,0.7,12,2,1,2,3,0,4,78.7,,5,46,1191.8,6,1,1,1,1,1,1,8.6,5.1,5,12,70.6,,5,57.5,0.6,14,6,3,0,5,0,75,,,,,8,7,15,51,19.7,54,,7,4,,,2,4,5,5,27,61.1,,14,498,38.1,13.1,24.8,0.1,No VAT refund per case study scenario,No VAT refund per case study scenario,4,0,49.1,70.8,,50,76,55,56,139,183,290,373,,,,,,,60.2,,,400,50,200,150,29,21,5,3,6.5,3,1,0,2.5,38.3,0,5,14.5,21.8,8.5,2.5,3,2,1
West Bank and Gaza,DB2018,59.3,69.6,10,43,45,11,44,45,0,56.6,,20,108,14,12,2,1,2,3,0,4,71.5,,5,47,1475.3,4,0,1,1,1,0,1,8.4,12.1,1,15.7,62.7,,7,51,3,13.5,5,1,4,3.5,0,80,,,,,8,8,16,19,0,44,,6,5,,,6,2,1,2,22,69.2,,28,162,15.3,15,0,0.3,18,79,13,80,36,86.7,,72,45,6,6,80,85,51,50,,,,,,,52.5,,,540,25,440,75,27,17,8,2,4,2,0,0,2,0,0,No Practice,No Practice,0,0,2,2,0,1
"Yemen, Rep.",DB2018,31.3,72.7,6,40,73.5,7,41,73.5,0,0,,No Practice,No Practice,No Practice,No Practice,No Practice,No Practice,No Practice,No Practice,No Practice,No Practice,0,,No Practice,No Practice,No Practice,No Practice,No Practice,No Practice,No Practice,No Practice,No Practice,No Practice,No Practice,No Practice,No Practice,No Practice,65.2,,6,19,1.8,7,1,2.5,0,3.5,0,0,,,,,0,0,0,1.3,0,26,,6,4,,,3,0,0,0,13,74.1,,44,248,26.6,13.8,11.3,1.6,4,6,2,0,96.3,0,,No Practice,No Practice,No Practice,No Practice,No Practice,No Practice,No Practice,No Practice,,,,,,,48.5,,,645,30,400,215,30,20,4,6,4,2,0,0,2,26.1,0,3,15,19.5,5,2,2,0,1
Zambia,DB2018,64.2,84.9,7,8.5,34.2,7,8.5,34.2,0,71.1,,10,188,3.1,10,2,1,1,2,0,4,47.4,,5,117,2767.5,0,0,1,1,1,0,1,176,17.9,5,4.7,48.7,,6,45,9.9,7,0,1.5,0,5.5,0,95,,,,,11,8,19,0,8.7,56,,4,6,,,7,3,4,4,28,88.9,,11,158,15.6,2,10.4,3.1,10,20,3,0,85.9,56.9,,96,72,120,120,200,175,370,380,,,,,,,51.7,,,611,21,470,120,38.7,23.7,5,10,7,4.5,1,0,1.5,41.7,0,1,9,48.5,5,2,2,0,1
Zimbabwe,DB2018,48.6,59.3,9,61,110,9,61,110,0,46.4,,10,238,22.5,10,1.5,0,2,3,0.5,3,44.9,,6,106,2602.6,0,0,0,0,1,0,1,243.6,21.7,10,12.1,58.2,,5,36,7.6,10,1,4,0,5,0,45,,,,,5,4,9,3.2,32,54,,8,2,,,5,6,3,3,27,58.8,,51,242,31.6,17.6,5.6,8.3,56,48,3,0,52.8,54.3,,99,81,88,228,170,150,285,562,,,,,,,38.7,,,410,14,247,149,83.1,70,8,5.1,6,3,1,0,2,26.2,0,3.3,22,19.7,5,3,2,0,0
